LoadType,Condition,Vrms,Irms,RealPower,PF,ApparentPower,SP_Ratio,CurrentPerWatt,PF_Drift,Current_Drift,Power_Drift,RollingMean_Power,RollingMean_PF,RollingMean_Current,RollingStd_Power,RollingStd_PF,RollingStd_Current,Target_Next_Power
1,0,231.1,0.425,95.31,0.97,98.2175,1.030505718182772,0.00445913335431749,-0.006000000000000005,-0.00040000000000001146,-0.5999999999999943,96.188,0.9782,0.42508,2.1486321230029084,0.012969194269498798,0.0003563705936241072,95.02
1,0,230.5,0.4251,95.02,0.97,97.98554999999999,1.0312097453167755,0.00447379499052831,0.0,9.999999999998899e-05,-0.29000000000000625,96.362,0.9788,0.42516,1.970144664739114,0.01237739875741266,0.0002880972058177779,94.73
1,0,229.4,0.4255,94.73,0.97,97.6097,1.0303990288187481,0.004491713290404307,0.0,0.00040000000000001146,-0.28999999999999204,95.342,0.9728,0.4253,0.4899693867988209,0.0038987177379238677,0.00023452078799121888,96.24
1,0,230.8,0.4248,96.24,0.982,98.04384,1.0187431421446385,0.004413965087281796,0.01200000000000001,-0.0006999999999999784,1.509999999999991,95.44200000000001,0.9736,0.42516,0.6241554293603547,0.005366563145999672,0.0002880972058177779,96.4
1,0,230.8,0.425,96.4,0.983,98.09,1.0175311203319501,0.004408713692946058,0.0010000000000000009,0.00019999999999997797,0.1600000000000108,95.53999999999999,0.975,0.42508,0.7431352501395734,0.006855654600401131,0.00025884358211090996,95.97
1,0,230.6,0.4251,95.97,0.979,98.02806,1.0214448265082838,0.00442950922163176,-0.0040000000000000036,9.999999999998899e-05,-0.4300000000000068,95.672,0.9768000000000001,0.42510000000000003,0.750646388121597,0.006379655163094641,0.0002549509756796578,96.58
1,0,231.5,0.4247,96.58,0.982,98.31805,1.017995961896873,0.004397390764133361,0.0030000000000000027,-0.00039999999999995595,0.6099999999999994,95.98400000000001,0.9792,0.42501999999999995,0.7359551616776503,0.005357238094391431,0.00031144823004794015,96.57
1,0,230.7,0.4252,96.57,0.984,98.09364,1.0157775706741223,0.004403023713368541,0.0020000000000000018,0.0005000000000000004,-0.010000000000005116,96.352,0.982,0.42496,0.2550882200336932,0.0018708286933862208,0.00020736441353326292,96.16
1,0,229.9,0.4255,96.16,0.983,97.82245,1.0172883735440932,0.004424916805324459,-0.0010000000000000009,0.00029999999999996696,-0.4099999999999966,96.33599999999998,0.9822000000000001,0.4250999999999999,0.2661390613945242,0.0019235384061663807,0.00029154759474228945,94.2
1,0,229.2,0.4251,94.2,0.967,97.43292,1.0343197452229298,0.0045127388535031844,-0.016000000000000014,-0.00040000000000001146,-1.9599999999999937,95.896,0.9789999999999999,0.42512,0.9840884106623617,0.006964194138591971,0.00028635642126555774,93.84
1,0,230.4,0.425,93.84,0.958,97.92,1.0434782608695652,0.004528985507246376,-0.009000000000000008,-9.999999999998899e-05,-0.35999999999999943,95.47,0.9747999999999999,0.42510000000000003,1.3405222862750157,0.011691877522451285,0.00029154759474228945,96.32
1,0,232.0,0.4246,96.32,0.978,98.5072,1.0227076411960134,0.004408222591362127,0.020000000000000018,-0.00040000000000001146,2.4799999999999898,95.41799999999999,0.974,0.42508,1.2908214438875714,0.011202678251204135,0.0003271085446759509,97.39
1,0,230.9,0.425,97.39,0.992,98.1325,1.0076239860355272,0.00436389773077318,0.014000000000000012,0.00040000000000001146,1.0700000000000074,95.582,0.9756,0.42504,1.5076538064157776,0.013352902306240434,0.0003209361307176359,95.59
1,0,229.5,0.4254,95.59,0.979,97.6293,1.0213338215294487,0.004450256302960561,-0.013000000000000012,0.00040000000000001146,-1.7999999999999972,95.468,0.9747999999999999,0.42501999999999995,1.4742014787674018,0.012911235417263588,0.00028635642126554164,94.89
1,0,230.4,0.4256,94.89,0.968,98.05824,1.0333885551691433,0.004485193381810517,-0.01100000000000001,0.00019999999999997797,-0.7000000000000028,95.606,0.975,0.42512,1.3531555712481793,0.012767145334803763,0.0003898717737923972,96.69
1,0,231.9,0.4253,96.69,0.98,98.62707,1.020033819422898,0.004398593442962044,0.01200000000000001,-0.00029999999999996696,1.7999999999999972,96.176,0.9794,0.42518,0.9690098038719421,0.008532291603080545,0.00038987177379241856,96.27
1,0,230.5,0.4249,96.27,0.983,97.93945,1.0173413316713409,0.004413628336968942,0.0030000000000000027,-0.00040000000000001146,-0.4200000000000017,96.16600000000001,0.9804,0.42523999999999995,0.9674089104406371,0.008619744775803866,0.00028809720581785854,95.14
1,0,230.0,0.4248,95.14,0.974,97.70400000000001,1.0269497582509985,0.004464998948917385,-0.009000000000000008,-9.999999999998899e-05,-1.1299999999999955,95.71600000000001,0.9768000000000001,0.42519999999999997,0.7558968183555086,0.005890670590009318,0.0003391164991563317,96.71
1,0,230.8,0.4255,96.71,0.985,98.2054,1.0154627236066591,0.004399751835384138,0.01100000000000001,0.0006999999999999784,1.5699999999999932,95.94,0.978,0.42522000000000004,0.8670063436907236,0.006964194138592043,0.0003563705936241748,95.27
1,0,229.9,0.4248,95.27,0.976,97.66152000000001,1.0251025506455338,0.004458906266400756,-0.009000000000000008,-0.0006999999999999784,-1.4399999999999977,96.01599999999999,0.9795999999999999,0.42506000000000005,0.7622860355535516,0.004615192303685553,0.0003209361307176612,96.42
1,0,229.8,0.4248,96.42,0.988,97.61904000000001,1.0124355942750467,0.0044057249533291844,0.01200000000000001,0.0,1.1500000000000057,95.962,0.9812000000000001,0.42496,0.710401295043834,0.005974947698515657,0.00030495901363955015,96.58
1,0,231.0,0.4256,96.58,0.982,98.3136,1.0179498861047835,0.004406709463657072,-0.006000000000000005,0.0007999999999999674,0.1599999999999966,96.02399999999999,0.9810000000000001,0.4250999999999999,0.7560621667561135,0.005916079783099417,0.00041231056256179423,95.57
1,0,231.4,0.4249,95.57,0.972,98.32186,1.0287941822747726,0.004445955843884065,-0.010000000000000009,-0.0006999999999999784,-1.0100000000000051,96.10999999999999,0.9805999999999999,0.42512,0.6469544033391699,0.006542170893518274,0.00039623225512321704,96.06
1,0,230.5,0.4247,96.06,0.981,97.89335,1.0190854674161982,0.004421195086404331,0.009000000000000008,-0.00019999999999997797,0.4900000000000091,95.97999999999999,0.9798,0.42496,0.5550225220655075,0.0060991802727905975,0.00036469165057621914,95.58
1,0,230.6,0.4251,95.58,0.975,98.02806,1.0256126804770873,0.0044475831763967355,-0.006000000000000005,0.00039999999999995595,-0.480000000000004,96.042,0.9795999999999999,0.42501999999999995,0.46606866446903317,0.0062689712074628385,0.00035637059362413005,96.64
1,0,231.7,0.4247,96.64,0.982,98.40299,1.0182428600993378,0.00439466059602649,0.007000000000000006,-0.00039999999999995595,1.0600000000000023,96.086,0.9784,0.425,0.5181505572707068,0.004615192303685563,0.00037416573867740476,96.0
1,0,230.3,0.4251,96.0,0.981,97.90053,1.0197971875,0.004428125,-0.0010000000000000009,0.00039999999999995595,-0.6400000000000006,95.97,0.9782,0.42489999999999994,0.43874821936955605,0.004438468204234265,0.0001999999999999969,96.4
1,0,230.2,0.4248,96.4,0.986,97.78896,1.0144082987551868,0.004406639004149377,0.0050000000000000044,-0.00029999999999996696,0.4000000000000057,96.136,0.9810000000000001,0.42488000000000004,0.40531469255374736,0.003937003937005537,0.00020493901531918379,96.48
1,0,231.3,0.4252,96.48,0.981,98.34876000000001,1.0193694029850746,0.004407131011608624,-0.0050000000000000044,0.00040000000000001146,0.0799999999999983,96.22,0.9810000000000001,0.42498,0.42848570571249106,0.003937003937005537,0.0002167948338867912,97.11
1,0,231.4,0.4248,97.11,0.988,98.29872,1.0122409638554217,0.004374420759962929,0.007000000000000006,-0.00040000000000001146,0.6299999999999955,96.526,0.9836,0.42492,0.402715780669071,0.0032093613071755545,0.00021679483388680365,96.59
1,0,230.9,0.4255,96.59,0.983,98.24795,1.01716482037478,0.004405217931462884,-0.0050000000000000044,0.0006999999999999784,-0.519999999999996,96.51599999999999,0.9838000000000001,0.42508,0.3997874435245565,0.003114482300478756,0.0002949576240750613,96.34
1,0,230.6,0.4249,96.34,0.983,97.98194,1.0170431804027402,0.004410421424122898,0.0,-0.0005999999999999894,-0.25,96.584,0.9842000000000001,0.42504,0.30859358386054353,0.002774887385101455,0.00030495901363955167,96.66
1,0,231.2,0.4248,96.66,0.984,98.21376,1.0160744878957169,0.004394785847299814,0.0010000000000000009,-9.999999999998899e-05,0.3199999999999932,96.636,0.9837999999999999,0.42504,0.29125590122758177,0.0025884358211080653,0.00030495901363955167,96.59
1,0,230.3,0.4254,96.59,0.986,97.96962,1.0142832591365567,0.004404182627601201,0.0020000000000000018,0.0005999999999999894,-0.06999999999999318,96.658,0.9848000000000001,0.42508,0.2804817284599652,0.00216794833886668,0.0003420526275297482,96.6
1,0,230.6,0.4247,96.6,0.986,97.93582,1.013828364389234,0.00439648033126294,0.0,-0.0006999999999999784,0.009999999999990905,96.556,0.9843999999999999,0.42506000000000005,0.12421755109441387,0.0015165750888086705,0.0003646916505762187,97.64
1,0,231.7,0.4253,97.64,0.991,98.54201,1.0092381196231053,0.0043557968045882835,0.0050000000000000044,0.0005999999999999894,1.0400000000000063,96.766,0.986,0.42502000000000006,0.5037658186100853,0.003082207001483485,0.00031144823004797175,97.11
1,0,231.4,0.4248,97.11,0.988,98.29872,1.0122409638554217,0.004374420759962929,-0.0030000000000000027,-0.0005000000000000004,-0.5300000000000011,96.91999999999999,0.9870000000000001,0.425,0.45645372164096654,0.0026457513110632533,0.0003240370349204221,96.59
1,0,230.9,0.4255,96.59,0.983,98.24795,1.01716482037478,0.004405217931462884,-0.0050000000000000044,0.0006999999999999784,-0.519999999999996,96.906,0.9868,0.42514,0.46736495375657805,0.0029495762407493347,0.0003646916505761767,96.34
1,0,230.6,0.4249,96.34,0.983,97.98194,1.0170431804027402,0.004410421424122898,0.0,-0.0005999999999999894,-0.25,96.856,0.9862,0.42504,0.5200288453536875,0.0034205262752964537,0.0003435112807463642,96.66
1,0,231.2,0.4248,96.66,0.984,98.21376,1.0160744878957169,0.004394785847299814,0.0010000000000000009,-9.999999999998899e-05,0.3199999999999932,96.86800000000001,0.9858,0.42506000000000005,0.5132932884812431,0.0035637059362402194,0.0003209361307176308,96.59
1,0,230.3,0.4254,96.59,0.986,97.96962,1.0142832591365567,0.004404182627601201,0.0020000000000000018,0.0005999999999999894,-0.06999999999999318,96.658,0.9848000000000001,0.42508,0.2804817284599716,0.002167948338866634,0.00034205262752973046,96.6
1,0,230.6,0.4247,96.6,0.986,97.93582,1.013828364389234,0.00439648033126294,0.0,-0.0006999999999999784,0.009999999999990905,96.55600000000001,0.9844000000000002,0.42506000000000005,0.12421755109442824,0.0015165750888086374,0.00036469165057621394,97.64
1,0,231.7,0.4253,97.64,0.991,98.54201,1.0092381196231053,0.0043557968045882835,0.0050000000000000044,0.0005999999999999894,1.0400000000000063,96.76599999999999,0.986,0.42502000000000006,0.5037658186100888,0.003082207001483432,0.00031144823004799376,96.36
1,0,229.6,0.4248,96.36,0.988,97.53408,1.0121843088418432,0.004408468244084683,-0.0030000000000000027,-0.0005000000000000004,-1.2800000000000011,96.77000000000001,0.9869999999999999,0.425,0.49959983987176443,0.0026457513110631913,0.0003240370349204494,96.58
1,0,231.1,0.4253,96.58,0.983,98.28683,1.0176727065645061,0.004403603230482502,-0.0050000000000000044,0.0005000000000000004,0.21999999999999886,96.75399999999999,0.9868,0.42510000000000003,0.505252412166328,0.002949576240749279,0.0003240370349203734,96.25
1,0,230.2,0.425,96.25,0.984,97.835,1.0164675324675323,0.004415584415584415,0.0010000000000000009,-0.00030000000000002247,-0.3299999999999983,96.686,0.9864,0.42501999999999995,0.5534256951026887,0.0032093613071751425,0.00027748873851028374,97.85
1,0,231.4,0.4253,97.85,0.994,98.41442,1.0057682166581503,0.004346448645886561,0.010000000000000009,0.00030000000000002247,1.5999999999999943,96.93599999999999,0.9879999999999999,0.42514,0.7516847743568352,0.0046368092477469544,0.00023021728866436298,97.65
1,0,231.7,0.4248,97.65,0.992,98.42616,1.007948387096774,0.004350230414746544,-0.0020000000000000018,-0.0005000000000000004,-0.19999999999998863,96.938,0.9882000000000002,0.42504,0.7540358081682124,0.00481663783151604,0.0002509980079602576,96.07
1,0,229.9,0.4255,96.07,0.982,97.82245,1.0182413864890185,0.004429062142187988,-0.010000000000000009,0.0006999999999999784,-1.5800000000000125,96.88,0.9869999999999999,0.42518,0.818046453448638,0.005567764362829354,0.0002774887385101317,97.22
1,0,231.3,0.4249,97.22,0.989,98.27937,1.010896626208599,0.004370499897140506,0.007000000000000006,-0.0005999999999999894,1.1500000000000057,97.008,0.9882,0.42510000000000003,0.8093948356642086,0.005118593556827062,0.0002915475947422383,97.6
1,0,231.3,0.4255,97.6,0.992,98.41815,1.0083826844262296,0.004359631147540984,0.0030000000000000027,0.0005999999999999894,0.37999999999999545,97.27799999999999,0.9898,0.42519999999999997,0.7127201414299168,0.004711687595754858,0.0003316624790354386,96.76
1,0,230.6,0.425,96.76,0.988,98.005,1.0128668871434476,0.004392310872261265,-0.0040000000000000036,-0.0005000000000000004,-0.8399999999999892,97.05999999999999,0.9885999999999999,0.42514,0.6586729082024635,0.004098780306382776,0.00033615472627937537,96.22
1,0,230.8,0.4248,96.22,0.982,98.04384,1.0189548950322178,0.004414882560798171,-0.006000000000000005,-0.00019999999999997797,-0.5400000000000063,96.774,0.9865999999999999,0.42514,0.6488297157189253,0.004449719092256631,0.00033615472627937537,98.13
1,0,231.1,0.4254,98.13,0.998,98.30994,1.001833690003057,0.004335065729134821,0.016000000000000014,0.0005999999999999894,1.9099999999999966,97.186,0.9898,0.42512,0.7379566382924433,0.005848076606884544,0.0003114482300479017,95.89
1,0,230.0,0.4252,95.89,0.98,97.796,1.019876942329753,0.004434247575346752,-0.018000000000000016,-0.00019999999999997797,-2.239999999999995,96.92,0.9880000000000001,0.42518,0.9358151526876911,0.007348469228348978,0.00028635642126541576,97.11
1,0,231.5,0.4248,97.11,0.988,98.3412,1.012678405931418,0.004374420759962929,0.008000000000000007,-0.00040000000000001146,1.2199999999999989,96.822,0.9872,0.42504,0.8701551585779911,0.007014271166699539,0.00026076809620812435,97.18
1,0,231.1,0.425,97.18,0.99,98.2175,1.0106760650339575,0.004373327845235645,0.0020000000000000018,0.00019999999999997797,0.07000000000000739,96.906,0.9875999999999999,0.42504,0.882853328701823,0.007127411872481641,0.00026076809620812435,96.6
1,0,231.2,0.4256,96.6,0.982,98.39871999999998,1.0186202898550722,0.0044057971014492756,-0.008000000000000007,0.0005999999999999894,-0.5800000000000125,96.982,0.9875999999999999,0.42519999999999997,0.8233893368266856,0.007127411872481641,0.0003162277660167226,98.5
1,0,232.2,0.4252,98.5,0.998,98.73144,1.0023496446700508,0.004316751269035533,0.016000000000000014,-0.00039999999999995595,1.9000000000000057,97.056,0.9875999999999999,0.42516,0.957982254532875,0.007127411872481641,0.00029664793948373677,98.08
1,0,230.4,0.4249,98.08,1.0,97.89696,0.9981337683523656,0.0043321778140293634,0.0020000000000000018,-0.00030000000000002247,-0.4200000000000017,97.494,0.9916,0.4250999999999999,0.7747128500288853,0.007402702209328011,0.0003162277660168005,96.26
1,0,229.5,0.4246,96.26,0.988,97.44569999999999,1.0123176812798669,0.004410970288801163,-0.01200000000000001,-0.00030000000000002247,-1.8199999999999932,97.324,0.9916,0.42506000000000005,0.9528273715631183,0.007402702209328011,0.0003714835124201424,95.53
1,0,230.0,0.4245,95.53,0.979,97.63499999999999,1.0220349628388987,0.004443630273212603,-0.009000000000000008,-9.999999999998899e-05,-0.730000000000004,96.994,0.9894000000000001,0.42496,1.253467191433382,0.009370165420097524,0.0004505552130428223,95.42
1,0,230.4,0.4248,95.42,0.975,97.87392,1.0257170404527352,0.004451896876964997,-0.0040000000000000036,0.00030000000000002247,-0.10999999999999943,96.75800000000001,0.9879999999999999,0.4248,1.4429553007629494,0.011113055385446107,0.0002738612787528793,96.96
1,0,231.7,0.4249,96.96,0.985,98.44932999999999,1.015360251650165,0.004382219471947195,0.010000000000000009,9.999999999998899e-05,1.539999999999992,96.45,0.9853999999999999,0.42474,1.1023157442402338,0.009607288899580086,0.00018165902124638036,98.92
1,0,231.8,0.4253,98.92,1.0,98.58454,0.9966087747674889,0.004299433885968459,0.015000000000000013,0.00040000000000001146,1.960000000000008,96.618,0.9853999999999999,0.42482,1.428572714285102,0.009607288899580086,0.0003114482300481823,97.75
1,0,229.6,0.4254,97.75,1.0,97.67184,0.9992004092071611,0.004351918158567775,0.0,9.999999999998899e-05,-1.1700000000000017,96.916,0.9878,0.42498,1.4893387794588233,0.01169187752245093,0.00037013511046648807,95.79
1,0,230.2,0.4249,95.79,0.979,97.81197999999999,1.0211084664369974,0.004435744858544733,-0.02100000000000002,-0.0005000000000000004,-1.9599999999999937,96.968,0.9878,0.42506000000000005,1.4322953606012607,0.01169187752245093,0.0002701851217221036,98.84
1,0,232.0,0.4247,98.84,1.0,98.5304,0.9968676649129906,0.0042968433832456495,0.02100000000000002,-0.00019999999999997797,3.049999999999997,97.652,0.9928000000000001,0.42504,1.3204809729791158,0.01008464178838247,0.00029664793948382004,98.01
1,0,231.2,0.4252,98.01,0.997,98.30624,1.0030225487195183,0.004338332823181308,-0.0030000000000000027,0.0005000000000000004,-0.8299999999999983,97.86200000000001,0.9952,0.4250999999999999,1.2652549150269534,0.009148770409185525,0.0002915475947421958,96.96
1,0,231.7,0.4249,96.96,0.985,98.44932999999999,1.015360251650165,0.004382219471947195,-0.01200000000000001,-0.00030000000000002247,-1.0500000000000114,97.47,0.9922000000000001,0.42501999999999995,1.1542746640206019,0.009628083921528214,0.0002774887385102471,98.92
1,0,231.8,0.4253,98.92,1.0,98.58454,0.9966087747674889,0.004299433885968459,0.015000000000000013,0.00040000000000001146,1.960000000000008,97.704,0.9922000000000001,0.425,1.3303871616938667,0.009628083921528214,0.00024494897427836533,97.75
1,0,229.6,0.4254,97.75,1.0,97.67184,0.9992004092071611,0.004351918158567775,0.0,9.999999999998899e-05,-1.1700000000000017,98.096,0.9964000000000001,0.42510000000000003,0.8139594584497724,0.006503845016602703,0.0002915475947422164,95.79
1,0,230.2,0.4249,95.79,0.979,97.81197999999999,1.0211084664369974,0.004435744858544733,-0.02100000000000002,-0.0005000000000000004,-1.9599999999999937,97.486,0.9922000000000001,0.42514,1.1783165958263881,0.009628083921528214,0.00023021728866433043,98.84
1,0,232.0,0.4247,98.84,1.0,98.5304,0.9968676649129906,0.0042968433832456495,0.02100000000000002,-0.00019999999999997797,3.049999999999997,97.652,0.9928000000000001,0.42504,1.320480972979115,0.01008464178838247,0.0002966479394838075,98.01
1,0,231.2,0.4252,98.01,0.997,98.30624,1.0030225487195183,0.004338332823181308,-0.0030000000000000027,0.0005000000000000004,-0.8299999999999983,97.862,0.9952,0.42510000000000003,1.2652549150269456,0.009148770409185556,0.0002915475947422088,97.85
1,0,231.4,0.4253,97.85,0.994,98.41442,1.0057682166581503,0.004346448645886561,-0.0030000000000000027,9.999999999998899e-05,-0.1600000000000108,97.648,0.994,0.42510000000000003,1.12419749154669,0.00874642784226735,0.0002915475947422088,97.18
1,0,230.8,0.4248,97.18,0.991,98.04384,1.0088890718254784,0.0043712698086025925,-0.0030000000000000027,-0.0005000000000000004,-0.6699999999999875,97.53399999999999,0.9922000000000001,0.42498,1.1400570161180021,0.00810555365166316,0.00025884358211092525,96.6
1,0,230.6,0.4249,96.6,0.986,97.98194,1.0143057971014493,0.004398550724637682,-0.0050000000000000044,9.999999999998899e-05,-0.5800000000000125,97.696,0.9936,0.42497999999999997,0.8512520190871037,0.005412947441088783,0.00025884358211092525,97.7
1,0,230.6,0.4254,97.7,0.996,98.09724,1.0040659160696008,0.004354145342886387,0.010000000000000009,0.0005000000000000004,1.1000000000000085,97.46799999999999,0.9928000000000001,0.42512,0.5766021158475679,0.004438468204233264,0.000258843582110792,96.36
1,0,230.7,0.4248,96.36,0.983,98.00135999999999,1.0170336239103361,0.004408468244084683,-0.013000000000000012,-0.0005999999999999894,-1.3400000000000034,97.138,0.99,0.42504,0.6556065893506012,0.005431390245599167,0.00028809720581773164,98.92
1,0,232.2,0.4246,98.92,1.0,98.59212,0.9966854023453294,0.004292357460574201,0.017000000000000015,-0.00020000000000003348,2.5600000000000023,97.352,0.9912000000000001,0.42490000000000006,1.0196666121825826,0.0069785385289464355,0.00030000000000007993,97.18
1,0,231.3,0.4251,97.18,0.988,98.32563,1.0117887425396173,0.004374356863552171,-0.01200000000000001,0.0005000000000000004,-1.7399999999999949,97.352,0.9906,0.42496,1.0196666121825826,0.00712741187248147,0.0003049590136395726,96.63
1,0,231.0,0.4253,96.63,0.983,98.24430000000001,1.0167059919279728,0.004401324640380834,-0.0050000000000000044,0.00020000000000003348,-0.5500000000000114,97.358,0.99,0.42504,1.0142090514287003,0.007713624310270084,0.0003361547262794121,99.66
1,0,232.6,0.4252,99.66,1.0,98.90152,0.9923893237005821,0.004266506120810757,0.017000000000000015,-9.999999999998899e-05,3.030000000000001,97.75,0.9907999999999999,0.425,1.460171222836502,0.008642916174532172,0.0002915475947422798,97.86
1,0,230.5,0.4248,97.86,1.0,97.9164,1.000576333537707,0.0043408951563458,0.0,-0.00040000000000001146,-1.7999999999999972,98.05,0.9942,0.425,1.2408061895396088,0.008136338242722604,0.0002915475947422798,96.18
1,0,230.1,0.4247,96.18,0.984,97.72347,1.0160477230193388,0.00441567893532959,-0.016000000000000014,-9.999999999998899e-05,-1.6799999999999926,97.502,0.991,0.42502000000000006,1.3598602869412248,0.00842614977317579,0.00025884358211087873,96.95
1,0,231.7,0.4249,96.95,0.985,98.44932999999999,1.0154649819494583,0.004382671480144405,0.0010000000000000009,0.00019999999999997797,0.769999999999996,97.45599999999999,0.9904,0.42498,1.377254515331091,0.00879204185613277,0.0002588435821109216,99.62
1,0,232.3,0.4255,99.62,1.0,98.84365,0.9922068861674361,0.004271230676570969,0.015000000000000013,0.0005999999999999894,2.6700000000000017,98.054,0.9938,0.42501999999999995,1.5652411954710967,0.008497058314498616,0.0003271085446759109,98.82
1,0,230.2,0.4256,98.82,1.0,97.97312,0.9914300748836268,0.00430682048168387,0.0,9.999999999998899e-05,-0.8000000000000114,97.886,0.9938,0.4250999999999999,1.3844060098106388,0.008497058314498616,0.00041833001326698307,96.2
1,0,229.5,0.4251,96.2,0.986,97.56044999999999,1.0141418918918919,0.004418918918918918,-0.014000000000000012,-0.0005000000000000004,-2.6199999999999903,97.554,0.991,0.42516,1.577745226581231,0.008246211251234746,0.00038470768123334185,97.19
1,0,231.2,0.4254,97.19,0.988,98.35248,1.011960901327297,0.0043769935178516305,0.0020000000000000018,0.00030000000000002247,0.9899999999999949,97.756,0.9918000000000001,0.4253,1.414012022579666,0.007563068160474974,0.0002915475947420759,95.82
1,0,232.3,0.4253,95.82,0.97,98.79719,1.0310706533082865,0.004438530578167398,-0.018000000000000016,-9.999999999998899e-05,-1.3700000000000045,97.53,0.9888,0.42538,1.6462685078685912,0.012377398757412297,0.00019235384061636054,92.88
1,0,230.0,0.4252,92.88,0.95,97.796,1.052928509905254,0.004577950043066323,-0.020000000000000018,-9.999999999998899e-05,-2.9399999999999977,96.18199999999999,0.9788,0.42532,2.180004587151157,0.01931838502566909,0.0001923538406164136,93.45
1,0,227.8,0.4253,93.45,0.965,96.88334,1.0367398608881755,0.004551096843231675,0.015000000000000013,9.999999999998899e-05,0.5700000000000074,95.108,0.9718,0.42526,1.853852744961222,0.015722595205626768,0.00011401754250951933,96.5
1,0,229.0,0.4251,96.5,0.991,97.3479,1.0087865284974094,0.004405181347150259,0.026000000000000023,-0.00020000000000003348,3.049999999999997,95.168,0.9728000000000001,0.42526,1.9022539262675333,0.016961721610732724,0.00011401754250951933,98.57
1,0,230.8,0.4247,98.57,1.0,98.02076000000001,0.9944279192452066,0.004308613168306788,0.009000000000000008,-0.00039999999999995595,2.069999999999993,95.44399999999999,0.9752000000000001,0.42512,2.322634280294725,0.020191582404556544,0.00024899799195969135,95.62
1,0,231.9,0.4246,95.62,0.971,98.46473999999999,1.0297504706128424,0.0044404936205814675,-0.029000000000000026,-0.0001000000000000445,-2.9499999999999886,95.404,0.9754000000000002,0.42497999999999997,2.3162534403644615,0.02013206397764515,0.00031144823004797424,92.78
1,0,229.5,0.4253,92.78,0.95,97.60635,1.052019292951067,0.004583962060788963,-0.02100000000000002,0.0007000000000000339,-2.8400000000000034,95.38399999999999,0.9753999999999999,0.425,2.3437640666244977,0.02013206397764515,0.00033166247903554976,94.24
1,0,227.9,0.4255,94.24,0.972,96.97145,1.0289839770797964,0.004515067911714771,0.02200000000000002,0.00019999999999997797,1.4599999999999937,95.542,0.9768000000000001,0.42504,2.2032067538023257,0.019460215826141207,0.0003847076812334003,97.54
1,0,230.2,0.4252,97.54,0.996,97.88104,1.0034964117285217,0.004359237236005741,0.02400000000000002,-0.00029999999999996696,3.3000000000000114,95.75,0.9778,0.42505999999999994,2.3597881260825413,0.02047437422731148,0.00039115214431212185,95.46
1,0,231.9,0.4253,95.46,0.968,98.62707,1.0331769327467002,0.0044552692227110835,-0.028000000000000025,9.999999999998899e-05,-2.0800000000000125,95.128,0.9714,0.42518,1.7657632910444905,0.01639512122553531,0.00034205262752961505,78.33
1,0,211.3,0.3858,78.33,0.961,81.51954,1.0407192646495596,0.004925315970892378,-0.007000000000000006,-0.039500000000000035,-17.129999999999995,91.66999999999999,0.9694,0.41742,7.658550776746265,0.017052858997833754,0.01767645326415921,94.42
1,0,228.3,0.425,94.42,0.973,97.0275,1.0276159711925439,0.004501165007413683,0.01200000000000001,0.03920000000000001,16.090000000000003,91.998,0.974,0.41735999999999995,7.752517010623116,0.013171939872319394,0.01764349738572273,94.15
1,0,229.2,0.4247,94.15,0.967,97.34124,1.0338952734997344,0.004510886882634095,-0.006000000000000005,-0.00029999999999996696,-0.269999999999996,91.97999999999999,0.9730000000000001,0.41719999999999996,7.746111927928797,0.013546217184143984,0.017554629019150617,99.83
1,0,231.7,0.4248,99.83,1.0,98.42616,0.9859376940799358,0.004255233897625965,0.03300000000000003,9.999999999998899e-05,5.679999999999993,92.438,0.9738,0.41712,8.210802031470536,0.015254507530562808,0.017509911478931155,95.74
1,0,230.2,0.4255,95.74,0.978,97.95009999999999,1.0230843952371005,0.0044443283893879255,-0.02200000000000002,0.0006999999999999784,-4.090000000000003,92.494,0.9758000000000001,0.41716,8.237477162335606,0.014956603892595292,0.017533482255387974,95.91
1,0,231.0,0.4254,95.91,0.976,98.2674,1.0245792930872692,0.004435408195182984,-0.0020000000000000018,-9.999999999998899e-05,0.1700000000000017,96.01,0.9788,0.42508,2.272828634103341,0.012557866060760306,0.000356370593624852,95.31
1,0,231.1,0.425,95.31,0.97,98.2175,1.030505718182772,0.00445913335431749,-0.006000000000000005,-0.00040000000000001146,-0.5999999999999943,96.188,0.9782,0.42508,2.14863212300292,0.012969194269498625,0.000356370593624852,95.02
1,0,230.5,0.4251,95.02,0.97,97.98554999999999,1.0312097453167755,0.00447379499052831,0.0,9.999999999998899e-05,-0.29000000000000625,96.362,0.9788,0.42516,1.9701446647391174,0.012377398757412459,0.00028809720581860485,94.73
1,0,229.4,0.4255,94.73,0.97,97.6097,1.0303990288187481,0.004491713290404307,0.0,0.00040000000000001146,-0.28999999999999204,95.342,0.9728,0.4253,0.4899693867989999,0.003898717737923228,0.00023452078799200785,96.24
1,0,230.8,0.4248,96.24,0.982,98.04384,1.0187431421446385,0.004413965087281796,0.01200000000000001,-0.0006999999999999784,1.509999999999991,95.44200000000001,0.9736,0.42516,0.6241554293604813,0.005366563145999208,0.00028809720581860485,96.4
1,0,230.8,0.425,96.4,0.983,98.09,1.0175311203319501,0.004408713692946058,0.0010000000000000009,0.00019999999999997797,0.1600000000000108,95.53999999999999,0.975,0.42508,0.7431352501396707,0.0068556546004007665,0.00025884358211193545,95.97
1,0,230.6,0.4251,95.97,0.979,98.02806,1.0214448265082838,0.00442950922163176,-0.0040000000000000036,9.999999999998899e-05,-0.4300000000000068,95.672,0.9768000000000001,0.4250999999999999,0.7506463881216809,0.00637965516309425,0.0002549509756806702,96.58
1,0,231.5,0.4247,96.58,0.982,98.31805,1.017995961896873,0.004397390764133361,0.0030000000000000027,-0.00039999999999995595,0.6099999999999994,95.98400000000001,0.9792000000000002,0.42501999999999995,0.7359551616777058,0.005357238094390965,0.00031144823004886334,96.57
1,0,230.7,0.4252,96.57,0.984,98.09364,1.0157775706741223,0.004403023713368541,0.0020000000000000018,0.0005000000000000004,-0.010000000000005116,96.352,0.982,0.42496,0.2550882200337506,0.0018708286933848879,0.0002073644135347478,96.16
1,0,229.9,0.4255,96.16,0.983,97.82245,1.0172883735440932,0.004424916805324459,-0.0010000000000000009,0.00029999999999996696,-0.4099999999999966,96.33599999999998,0.9822,0.42510000000000003,0.26613906139458354,0.0019235384061650844,0.0002915475947431823,94.2
1,0,229.2,0.4251,94.2,0.967,97.43292,1.0343197452229298,0.0045127388535031844,-0.016000000000000014,-0.00040000000000001146,-1.9599999999999937,95.896,0.9790000000000001,0.42512,0.9840884106624025,0.006964194138591614,0.00028635642126644293,93.84
1,0,230.4,0.425,93.84,0.958,97.92,1.0434782608695652,0.004528985507246376,-0.009000000000000008,-9.999999999998899e-05,-0.35999999999999943,95.47,0.9748000000000001,0.42510000000000003,1.3405222862750583,0.011691877522451072,0.00029154759474318717,96.32
1,0,232.0,0.4246,96.32,0.978,98.5072,1.0227076411960134,0.004408222591362127,0.020000000000000018,-0.00040000000000001146,2.4799999999999898,95.41799999999999,0.974,0.42508,1.2908214438876184,0.011202678251203912,0.00032710854467677563,97.39
1,0,230.9,0.425,97.39,0.992,98.1325,1.0076239860355272,0.00436389773077318,0.014000000000000012,0.00040000000000001146,1.0700000000000074,95.582,0.9756,0.42504,1.5076538064158163,0.013352902306240248,0.0003209361307185256,95.59
1,0,229.5,0.4254,95.59,0.979,97.6293,1.0213338215294487,0.004450256302960561,-0.013000000000000012,0.00040000000000001146,-1.7999999999999972,95.468,0.9748000000000001,0.42501999999999995,1.4742014787674427,0.012911235417263396,0.0002863564212665625,94.89
1,0,230.4,0.4256,94.89,0.968,98.05824,1.0333885551691433,0.004485193381810517,-0.01100000000000001,0.00019999999999997797,-0.7000000000000028,95.606,0.975,0.42512,1.353155571248221,0.012767145334803567,0.0003898717737930598,96.69
1,0,231.9,0.4253,96.69,0.98,98.62707,1.020033819422898,0.004398593442962044,0.01200000000000001,-0.00029999999999996696,1.7999999999999972,96.176,0.9794,0.42518,0.9690098038720003,0.008532291603080252,0.00038987177379302886,96.27
1,0,230.5,0.4249,96.27,0.983,97.93945,1.0173413316713409,0.004413628336968942,0.0030000000000000027,-0.00040000000000001146,-0.4200000000000017,96.16600000000001,0.9804,0.42523999999999995,0.9674089104406954,0.008619744775803576,0.00028809720581860783,96.32
1,0,232.0,0.4246,96.32,0.978,98.5072,1.0227076411960134,0.004408222591362127,-0.0050000000000000044,-0.00030000000000002247,0.04999999999999716,95.952,0.9776,0.42516,0.7141568455178965,0.005683308895352695,0.0004037325847643912,97.39
1,0,230.9,0.425,97.39,0.992,98.1325,1.0076239860355272,0.00436389773077318,0.014000000000000012,0.00040000000000001146,1.0700000000000074,96.312,0.9802,0.42508,0.9122609275859896,0.00867179335547116,0.00038340579025436885,95.59
1,0,229.5,0.4254,95.59,0.979,97.6293,1.0213338215294487,0.004450256302960561,-0.013000000000000012,0.00040000000000001146,-1.7999999999999972,96.452,0.9823999999999999,0.42504,0.6576625274409664,0.005683308895352484,0.00032093613071855807,94.89
1,0,230.4,0.4256,94.89,0.968,98.05824,1.0333885551691433,0.004485193381810517,-0.01100000000000001,0.00019999999999997797,-0.7000000000000028,96.09200000000001,0.9800000000000001,0.42510000000000003,0.930763127761337,0.008689073598491038,0.00040000000000071516,96.69
1,0,231.9,0.4253,96.69,0.98,98.62707,1.020033819422898,0.004398593442962044,0.01200000000000001,-0.00029999999999996696,1.7999999999999972,96.176,0.9794,0.42518,0.969009803872004,0.008532291603080283,0.00038987177379305363,96.27
1,0,230.5,0.4249,96.27,0.983,97.93945,1.0173413316713409,0.004413628336968942,0.0030000000000000027,-0.00040000000000001146,-0.4200000000000017,96.166,0.9804,0.42523999999999995,0.9674089104406991,0.008619744775803607,0.0002880972058186414,95.14
1,0,230.0,0.4248,95.14,0.974,97.70400000000001,1.0269497582509985,0.004464998948917385,-0.009000000000000008,-9.999999999998899e-05,-1.1299999999999955,95.716,0.9768000000000001,0.4252000000000001,0.7558968183555879,0.005890670590008941,0.00033911649915703687,96.71
1,0,230.8,0.4255,96.71,0.985,98.2054,1.0154627236066591,0.004399751835384138,0.01100000000000001,0.0006999999999999784,1.5699999999999932,95.94,0.9780000000000001,0.42522000000000004,0.8670063436907927,0.006964194138591724,0.00035637059362482676,95.27
1,0,229.9,0.4248,95.27,0.976,97.66152000000001,1.0251025506455338,0.004458906266400756,-0.009000000000000008,-0.0006999999999999784,-1.4399999999999977,96.01599999999999,0.9795999999999999,0.42506000000000005,0.7622860355536302,0.004615192303685071,0.0003209361307185546,96.42
1,0,229.8,0.4248,96.42,0.988,97.61904000000001,1.0124355942750467,0.0044057249533291844,0.01200000000000001,0.0,1.1500000000000057,95.962,0.9812000000000001,0.42496,0.7104012950439184,0.005974947698515285,0.0003049590136406019,96.58
1,0,231.0,0.4256,96.58,0.982,98.3136,1.0179498861047835,0.004406709463657072,-0.006000000000000005,0.0007999999999999674,0.1599999999999966,96.024,0.9810000000000001,0.42510000000000003,0.7560621667561928,0.005916079783099042,0.0004123105625624567,95.57
1,0,231.4,0.4249,95.57,0.972,98.32186,1.0287941822747726,0.004445955843884065,-0.010000000000000009,-0.0006999999999999784,-1.0100000000000051,96.10999999999999,0.9806000000000001,0.42512,0.6469544033392625,0.006542170893517934,0.0003962322551238892,96.06
1,0,230.5,0.4247,96.06,0.981,97.89335,1.0190854674161982,0.004421195086404331,0.009000000000000008,-0.00019999999999997797,0.4900000000000091,95.97999999999999,0.9798,0.42496,0.5550225220656155,0.006099180272790233,0.00036469165057709854,95.58
1,0,230.6,0.4251,95.58,0.975,98.02806,1.0256126804770873,0.0044475831763967355,-0.006000000000000005,0.00039999999999995595,-0.480000000000004,96.042,0.9796000000000001,0.42501999999999995,0.46606866446916184,0.006268971207462485,0.0003563705936249727,96.64
1,0,231.7,0.4247,96.64,0.982,98.40299,1.0182428600993378,0.00439466059602649,0.007000000000000006,-0.00039999999999995595,1.0600000000000023,96.086,0.9784,0.425,0.5181505572708225,0.004615192303685082,0.00037416573867823396,96.0
1,0,230.3,0.4251,96.0,0.981,97.90053,1.0197971875,0.004428125,-0.0010000000000000009,0.00039999999999995595,-0.6400000000000006,95.97,0.9782,0.42489999999999994,0.4387482193696927,0.004438468204233764,0.00020000000000174937,96.4
1,0,230.2,0.4248,96.4,0.986,97.78896,1.0144082987551868,0.004406639004149377,0.0050000000000000044,-0.00029999999999996696,0.4000000000000057,96.136,0.9810000000000001,0.42488000000000004,0.4053146925538953,0.003937003937004972,0.00020493901532092992,96.48
1,0,231.3,0.4252,96.48,0.981,98.34876000000001,1.0193694029850746,0.004407131011608624,-0.0050000000000000044,0.00040000000000001146,0.0799999999999983,96.22,0.9810000000000001,0.42498,0.42848570571263095,0.003937003937004972,0.00021679483388829376,97.11
1,0,231.4,0.4248,97.11,0.988,98.29872,1.0122409638554217,0.004374420759962929,0.007000000000000006,-0.00040000000000001146,0.6299999999999955,96.526,0.9836,0.42492,0.40271578066921987,0.003209361307174862,0.00021679483388838307,96.59
1,0,230.9,0.4255,96.59,0.983,98.24795,1.01716482037478,0.004405217931462884,-0.0050000000000000044,0.0006999999999999784,-0.519999999999996,96.516,0.9838000000000001,0.42508,0.39978744352470647,0.003114482300478042,0.00029495762407605655,96.34
1,0,230.6,0.4249,96.34,0.983,97.98194,1.0170431804027402,0.004410421424122898,0.0,-0.0005999999999999894,-0.25,96.584,0.9842000000000001,0.42504,0.30859358386073776,0.002774887385100654,0.00030495901364055065,96.66
1,0,231.2,0.4248,96.66,0.984,98.21376,1.0160744878957169,0.004394785847299814,0.0010000000000000009,-9.999999999998899e-05,0.3199999999999932,96.636,0.9838000000000001,0.42504,0.2912559012277876,0.0025884358211072066,0.00030495901364055065,96.59
1,0,230.3,0.4254,96.59,0.986,97.96962,1.0142832591365567,0.004404182627601201,0.0020000000000000018,0.0005999999999999894,-0.06999999999999318,96.658,0.9848000000000001,0.42508,0.280481728460179,0.002167948338865655,0.0003420526275306064,96.6
1,0,230.6,0.4247,96.6,0.986,97.93582,1.013828364389234,0.00439648033126294,0.0,-0.0006999999999999784,0.009999999999990905,96.556,0.9844000000000002,0.42506000000000005,0.12421755109489652,0.0015165750888072051,0.00036469165057703885,97.64
1,0,231.7,0.4253,97.64,0.991,98.54201,1.0092381196231053,0.0043557968045882835,0.0050000000000000044,0.0005999999999999894,1.0400000000000063,96.76599999999999,0.9860000000000001,0.42501999999999995,0.5037658186102043,0.003082207001482764,0.0003114482300489677,96.36
1,0,229.6,0.4248,96.36,0.988,97.53408,1.0121843088418432,0.004408468244084683,-0.0030000000000000027,-0.0005000000000000004,-1.2800000000000011,96.77000000000001,0.9870000000000001,0.425,0.4995998398718809,0.0026457513110624132,0.00032403703492139645,96.58
1,0,231.1,0.4253,96.58,0.983,98.28683,1.0176727065645061,0.004403603230482502,-0.0050000000000000044,0.0005000000000000004,0.21999999999999886,96.754,0.9868,0.42510000000000003,0.5052524121664431,0.0029495762407485814,0.00032403703492128185,96.25
1,0,230.2,0.425,96.25,0.984,97.835,1.0164675324675323,0.004415584415584415,0.0010000000000000009,-0.00030000000000002247,-0.3299999999999983,96.686,0.9864,0.42502000000000006,0.5534256951027938,0.0032093613071745015,0.00027748873851138003,97.85
1,0,231.4,0.4253,97.85,0.994,98.41442,1.0057682166581503,0.004346448645886561,0.010000000000000009,0.00030000000000002247,1.5999999999999943,96.936,0.9880000000000001,0.42514,0.7516847743569126,0.00463680924774651,0.0002302172886656313,97.65
1,0,231.7,0.4248,97.65,0.992,98.42616,1.007948387096774,0.004350230414746544,-0.0020000000000000018,-0.0005000000000000004,-0.19999999999998863,96.938,0.9882000000000002,0.42504,0.7540358081682895,0.004816637831515613,0.00025099800796147073,96.07
1,0,229.9,0.4255,96.07,0.982,97.82245,1.0182413864890185,0.004429062142187988,-0.010000000000000009,0.0006999999999999784,-1.5800000000000125,96.88000000000001,0.9870000000000001,0.42518,0.8180464534487092,0.005567764362828983,0.000277488738511176,94.15
1,0,229.2,0.4247,94.15,0.967,97.34124,1.0338952734997344,0.004510886882634095,-0.015000000000000013,-0.0007999999999999674,-1.9199999999999875,96.39399999999999,0.9838000000000001,0.42506000000000005,1.4881800966280971,0.010686440005913638,0.000336154726280329,99.83
1,0,231.7,0.4248,99.83,1.0,98.42616,0.9859376940799358,0.004255233897625965,0.03300000000000003,9.999999999998899e-05,5.679999999999993,97.10999999999999,0.9870000000000001,0.42502000000000006,2.1260761980700518,0.012922847983319649,0.00035637059362498544,95.74
1,0,230.2,0.4255,95.74,0.978,97.95009999999999,1.0230843952371005,0.0044443283893879255,-0.02200000000000002,0.0006999999999999784,-4.090000000000003,96.688,0.9838000000000001,0.42506000000000005,2.151724889478209,0.012735776379946039,0.00040373258476446983,95.91
1,0,231.0,0.4254,95.91,0.976,98.2674,1.0245792930872692,0.004435408195182984,-0.0020000000000000018,-9.999999999998899e-05,0.1700000000000017,96.34,0.9806000000000001,0.42518,2.097260117391262,0.012157302332343075,0.0003962322551238581,95.31
1,0,231.1,0.425,95.31,0.97,98.2175,1.030505718182772,0.00445913335431749,-0.006000000000000005,-0.00040000000000001146,-0.5999999999999943,96.188,0.9782,0.42508,2.1486321230029137,0.012969194269498661,0.00035637059362494136,95.02
1,0,230.5,0.4251,95.02,0.97,97.98554999999999,1.0312097453167755,0.00447379499052831,0.0,9.999999999998899e-05,-0.29000000000000625,96.362,0.9788,0.42516,1.9701446647391199,0.012377398757412493,0.0002880972058187386,94.73
1,0,229.4,0.4255,94.73,0.97,97.6097,1.0303990288187481,0.004491713290404307,0.0,0.00040000000000001146,-0.28999999999999204,95.34200000000001,0.9728,0.4253,0.48996938679884355,0.003898717737924004,0.00023452078799227063,96.24
1,0,230.8,0.4248,96.24,0.982,98.04384,1.0187431421446385,0.004413965087281796,0.01200000000000001,-0.0006999999999999784,1.509999999999991,95.44200000000001,0.9736,0.42516,0.6241554293603725,0.005366563145999707,0.00028809720581871425,96.4
1,0,230.8,0.425,96.4,0.983,98.09,1.0175311203319501,0.004408713692946058,0.0010000000000000009,0.00019999999999997797,0.1600000000000108,95.53999999999999,0.975,0.42508,0.7431352501395884,0.006855654600401101,0.00025884358211200197,95.97
1,0,230.6,0.4251,95.97,0.979,98.02806,1.0214448265082838,0.00442950922163176,-0.0040000000000000036,9.999999999998899e-05,-0.4300000000000068,95.672,0.9768000000000001,0.42510000000000003,0.7506463881216118,0.0063796551630945384,0.00025495097568074967,96.58
1,0,231.5,0.4247,96.58,0.982,98.31805,1.017995961896873,0.004397390764133361,0.0030000000000000027,-0.00039999999999995595,0.6099999999999994,95.98400000000001,0.9792000000000002,0.42502000000000006,0.7359551616776654,0.0053572380943911636,0.0003114482300488892,96.57
1,0,230.7,0.4252,96.57,0.984,98.09364,1.0157775706741223,0.004403023713368541,0.0020000000000000018,0.0005000000000000004,-0.010000000000005116,96.352,0.982,0.42496,0.2550882200337367,0.0018708286933848118,0.00020736441353475047,96.16
1,0,229.9,0.4255,96.16,0.983,97.82245,1.0172883735440932,0.004424916805324459,-0.0010000000000000009,0.00029999999999996696,-0.4099999999999966,96.33599999999998,0.9822,0.42510000000000003,0.26613906139456595,0.0019235384061649656,0.0002915475947432323,94.2
1,0,229.2,0.4251,94.2,0.967,97.43292,1.0343197452229298,0.0045127388535031844,-0.016000000000000014,-0.00040000000000001146,-1.9599999999999937,95.896,0.9790000000000001,0.42512,0.9840884106623731,0.006964194138591778,0.00028635642126649823,93.84
1,0,230.4,0.425,93.84,0.958,97.92,1.0434782608695652,0.004528985507246376,-0.009000000000000008,-9.999999999998899e-05,-0.35999999999999943,95.47,0.9748000000000001,0.4250999999999999,1.3405222862750241,0.011691877522451304,0.0002915475947432323,96.32
1,0,232.0,0.4246,96.32,0.978,98.5072,1.0227076411960134,0.004408222591362127,0.020000000000000018,-0.00040000000000001146,2.4799999999999898,95.41799999999999,0.974,0.42508,1.29082144388758,0.011202678251204178,0.00032710854467680816,97.39
1,0,230.9,0.425,97.39,0.992,98.1325,1.0076239860355272,0.00436389773077318,0.014000000000000012,0.00040000000000001146,1.0700000000000074,95.582,0.9756,0.42504,1.507653806415785,0.013352902306240404,0.0003209361307185443,95.59
1,0,229.5,0.4254,95.59,0.979,97.6293,1.0213338215294487,0.004450256302960561,-0.013000000000000012,0.00040000000000001146,-1.7999999999999972,95.468,0.9748000000000001,0.42501999999999995,1.4742014787674094,0.012911235417263592,0.00028635642126657916,94.89
1,0,230.4,0.4256,94.89,0.968,98.05824,1.0333885551691433,0.004485193381810517,-0.01100000000000001,0.00019999999999997797,-0.7000000000000028,95.606,0.975,0.42512,1.3531555712481875,0.012767145334803767,0.00038987177379308806,96.69
1,0,231.9,0.4253,96.69,0.98,98.62707,1.020033819422898,0.004398593442962044,0.01200000000000001,-0.00029999999999996696,1.7999999999999972,96.176,0.9794,0.42517999999999995,0.9690098038719536,0.0085322916030802,0.0003898717737930667,96.27
1,0,230.5,0.4249,96.27,0.983,97.93945,1.0173413316713409,0.004413628336968942,0.0030000000000000027,-0.00040000000000001146,-0.4200000000000017,96.166,0.9804,0.42523999999999995,0.9674089104406486,0.008619744775803462,0.00028809720581867207,95.14
1,0,230.0,0.4248,95.14,0.974,97.70400000000001,1.0269497582509985,0.004464998948917385,-0.009000000000000008,-9.999999999998899e-05,-1.1299999999999955,95.71600000000001,0.9768000000000001,0.42519999999999997,0.7558968183555232,0.005890670590009065,0.00033911649915704207,96.27
1,0,230.3,0.4251,96.27,0.984,97.90053,1.0169370520411345,0.004415705827360549,0.010000000000000009,0.00029999999999996696,1.1299999999999955,95.852,0.9778,0.42514,0.7880482218747724,0.006723094525588331,0.00032093613071846455,96.94
1,0,231.0,0.4249,96.94,0.989,98.1519,1.0125015473488757,0.0043831235815968645,0.0050000000000000044,-0.00019999999999997797,0.6700000000000017,96.262,0.982,0.425,0.6895433271375745,0.005522680508592503,0.00020000000000143067,95.62
1,0,229.8,0.4253,95.62,0.98,97.73394,1.022107718050617,0.0044478142647981595,-0.009000000000000008,0.00040000000000001146,-1.3199999999999932,96.048,0.982,0.425,0.6895433271375844,0.005522680508592503,0.00020000000000143067,98.33
1,0,232.1,0.4247,98.33,0.999,98.57287000000001,1.002469948133835,0.0043191294620156615,0.019000000000000017,-0.0005999999999999894,2.7099999999999937,96.46000000000001,0.9852000000000001,0.42496,1.2461340216846433,0.00947100839404025,0.00024083189157703903,96.55
1,0,230.7,0.425,96.55,0.986,98.0475,1.0155100983946141,0.004401864319005696,-0.013000000000000012,0.00029999999999996696,-1.7800000000000011,96.74199999999999,0.9876000000000001,0.425,1.0098861321950756,0.007162401831786288,0.00022360679775125554,95.14
1,0,229.4,0.4252,95.14,0.977,97.54088,1.025235232289258,0.004469203279377759,-0.009000000000000008,0.00020000000000003348,-1.4099999999999966,96.51599999999999,0.9862,0.42502000000000006,1.2417447402747235,0.00858487041253268,0.00023874672772746273,97.61
1,0,231.6,0.4248,97.61,0.992,98.38368,1.0079262370658744,0.004352013113410511,0.015000000000000013,-0.00040000000000001146,2.469999999999999,96.65,0.9868,0.425,1.3318220601866955,0.008927485648265008,0.00025495097568076826,96.02
1,0,230.1,0.4254,96.02,0.981,97.88454,1.0194182461987087,0.004430327015205166,-0.01100000000000001,0.0005999999999999894,-1.5900000000000034,96.72999999999999,0.9870000000000001,0.42502000000000006,1.2648122390299414,0.008746427842266646,0.00028635642126652826,98.91
1,0,232.4,0.4246,98.91,1.0,98.67703999999999,0.9976447275300778,0.0042927914265493885,0.019000000000000017,-0.0008000000000000229,2.8900000000000006,96.846,0.9872,0.425,1.4598047814690585,0.009093954035510452,0.00031622776601776027,97.18
1,0,231.2,0.4251,97.18,0.989,98.28312,1.0113513068532618,0.004374356863552171,-0.01100000000000001,0.0005000000000000004,-1.7299999999999898,96.97200000000001,0.9878,0.42502000000000006,1.4550498273254844,0.009093954035510382,0.00031937438845433617,95.36
1,0,229.7,0.4249,95.36,0.978,97.59953,1.0234850041946308,0.004455746644295302,-0.01100000000000001,-0.00019999999999997797,-1.8200000000000074,97.01599999999999,0.9880000000000001,0.42496,1.3875626111999129,0.00880340843082811,0.0003049590136404875,96.84
1,0,230.8,0.4255,96.84,0.985,98.2054,1.0140995456422965,0.004393845518380834,0.007000000000000006,0.0005999999999999894,1.480000000000004,96.862,0.9865999999999999,0.42510000000000003,1.3473010057147299,0.008561541917200344,0.00036742346141826836,95.02
1,1,230.4,0.4269,95.02,0.966,98.35776,1.0351269206482847,0.004492738370869291,-0.019000000000000017,0.0014000000000000123,-1.8200000000000074,96.662,0.9836,0.42539999999999994,1.560839517695505,0.012660963628412552,0.000900000000000325,95.78
1,1,231.3,0.4272,95.78,0.969,98.81136000000001,1.031649196074337,0.004460221340572145,0.0030000000000000027,0.00030000000000002247,0.7600000000000051,96.03599999999999,0.9774,0.42591999999999997,0.9367390244886622,0.009914635646356347,0.0010592450141495204,94.18
1,1,229.6,0.4268,94.18,0.959,97.99328,1.0404892758547462,0.004531747717137396,-0.010000000000000009,-0.00040000000000001146,-1.5999999999999943,95.436,0.9714,0.42626,0.9805508655852475,0.010212737145350119,0.0010014988766846587,96.12
1,1,232.0,0.4274,96.12,0.971,99.1568,1.0315938410320433,0.0044465251768622555,0.01200000000000001,0.0005999999999999894,1.9399999999999977,95.58800000000001,0.97,0.42676,1.023777319537787,0.009539392014170372,0.0007436396977035729,95.44
1,1,230.9,0.427,95.44,0.967,98.5943,1.033050083822297,0.004474015088013411,-0.0040000000000000036,-0.00040000000000001146,-0.6800000000000068,95.30799999999999,0.9663999999999999,0.42706,0.750812892803512,0.004560701700399417,0.00024083189157723703,94.36
1,1,229.8,0.4276,94.36,0.957,98.26248,1.0413573548113608,0.004531581178465451,-0.010000000000000009,0.0005999999999999894,-1.0799999999999983,95.176,0.9646000000000001,0.4272,0.863643444947033,0.006228964600961412,0.0003162277660179016,95.98
1,1,231.7,0.4273,95.98,0.97,99.00541,1.0315212544280057,0.004451969160241717,0.013000000000000012,-0.00029999999999996696,1.6200000000000045,95.21600000000001,0.9648,0.42722,0.9023746450338564,0.006418722614354817,0.0003193743884544818,94.76
1,1,230.2,0.4267,94.76,0.963,98.22634000000001,1.036580202617138,0.00450295483326298,-0.007000000000000006,-0.0005999999999999894,-1.2199999999999989,95.332,0.9656,0.4272,0.762312271972568,0.005727128425312992,0.000353553390594216,91.48
1,2,230.1,0.4305,91.48,0.922,99.05805,1.082838325317009,0.0047059466550065585,-0.040999999999999925,0.00379999999999997,-3.280000000000001,94.404,0.9558,0.42782,1.7489654084629536,0.019511535049812217,0.0015352524222422476,92.88
1,2,231.6,0.4314,92.88,0.93,99.91224,1.0757131782945737,0.004644702842377261,0.008000000000000007,0.0009000000000000119,1.3999999999999915,93.89200000000001,0.9484,0.42869999999999997,1.7445687146111504,0.02114946807841908,0.0021035683967964374,90.96
1,2,229.9,0.431,90.96,0.917,99.0869,1.0893458663148639,0.00473834652594547,-0.013000000000000012,-0.00040000000000001146,-1.9200000000000017,93.212,0.9404000000000001,0.42938,2.1353969186078774,0.02439877046082621,0.0022061278294787765,93.36
1,2,232.2,0.4318,93.36,0.934,100.26396,1.0739498714652955,0.004625107112253642,0.017000000000000015,0.0008000000000000229,2.4000000000000057,92.688,0.9332,0.43028000000000005,1.518788991269037,0.01793599732382068,0.0020583974348995027,91.97
1,2,230.7,0.4312,91.97,0.925,99.47784,1.081633576166141,0.004688485375665978,-0.009000000000000008,-0.0005999999999999894,-1.3900000000000006,92.13,0.9256,0.43118,0.9864583113340448,0.00665582451692657,0.000481663783152772,90.42
1,2,229.5,0.432,90.42,0.911,99.144,1.0964830789648308,0.00477770404777704,-0.014000000000000012,0.0007999999999999674,-1.5499999999999972,91.91799999999999,0.9234000000000002,0.43148,1.2419017674518424,0.009396807968673516,0.00041472882706783756,87.14
1,3,229.8,0.4362,87.14,0.865,100.23876,1.1503185678218957,0.0050057378930456736,-0.04600000000000004,0.0041999999999999815,-3.280000000000001,90.77000000000001,0.9104000000000001,0.43244,2.317520226448951,0.026810445725503288,0.0021419617176786873,88.46
1,3,231.4,0.4371,88.46,0.873,101.14494,1.1433974677820484,0.004941216368980331,0.008000000000000007,0.0009000000000000119,1.3199999999999932,90.27000000000001,0.9016000000000002,0.43366,2.526539134864133,0.030996774025697903,0.002763693181234318,87.58
1,3,230.3,0.4365,87.58,0.868,100.52595000000001,1.1478185658826217,0.004984014615208952,-0.0050000000000000044,-0.0005999999999999894,-0.8799999999999955,89.114,0.8884000000000001,0.4346,2.0334650230579343,0.027618834153530343,0.0027721832551260233,88.82
1,3,232.0,0.438,88.82,0.874,101.616,1.1440666516550326,0.004931321774375141,0.006000000000000005,0.0015000000000000013,1.2399999999999949,88.48400000000001,0.8782,0.43595999999999996,1.2732949383391154,0.01870026737777405,0.0023179732526500746,86.94
1,3,229.6,0.4372,86.94,0.861,100.38112,1.1546022544283414,0.005028755463538072,-0.013000000000000012,-0.0008000000000000229,-1.8799999999999955,87.788,0.8682000000000001,0.437,0.8214134160092768,0.005449770637399955,0.0006964194138600177,95.84
0,0,232.2,0.0402,7.28,0.778,9.334439999999999,1.2822032967032966,0.005521978021978022,0.03400000000000003,0.0001999999999999988,0.4800000000000004,7.064,0.763,0.04012,0.20169283576765937,0.015684387141358107,8.366600265340826e-05,6.97
0,0,229.8,0.0401,6.97,0.756,9.214979999999999,1.3220918220946913,0.005753228120516499,-0.02200000000000002,-0.00010000000000000286,-0.3100000000000005,7.074,0.7642,0.04012,0.19385561637466175,0.014635573101180532,8.366600265340826e-05,7.12
0,0,230.7,0.0402,7.12,0.767,9.27414,1.3025477528089886,0.005646067415730337,0.01100000000000001,0.00010000000000000286,0.15000000000000036,7.078,0.7646,0.040119999999999996,0.19473058311420943,0.014690132742763052,8.366600265340826e-05,7.35
0,0,233.0,0.0402,7.35,0.783,9.3666,1.2743673469387755,0.005469387755102041,0.016000000000000014,0.0,0.22999999999999954,7.104000000000001,0.7656,0.040139999999999995,0.224788789756073,0.0159467865101405,8.94427190999933e-05,6.88
0,0,227.8,0.0403,6.88,0.751,9.180340000000001,1.3343517441860466,0.005857558139534884,-0.03200000000000003,0.00010000000000000286,-0.46999999999999975,7.12,0.767,0.0402,0.19912307751739872,0.013729530217745945,7.071067811866188e-05,7.16
0,0,231.2,0.0402,7.16,0.77,9.29424,1.2980782122905028,0.0056145251396648044,0.019000000000000017,-0.00010000000000000286,0.28000000000000025,7.095999999999999,0.7654,0.0402,0.1814662503056697,0.012541929676090491,7.071067811866188e-05,6.76
0,0,230.1,0.0401,6.76,0.731,9.227009999999998,1.3649423076923075,0.005931952662721893,-0.039000000000000035,-0.00010000000000000286,-0.40000000000000036,7.053999999999999,0.7604,0.0402,0.23447814397081876,0.019994999374843725,7.071067811866188e-05,7.31
0,0,232.5,0.0403,7.31,0.78,9.36975,1.2817715458276335,0.005512995896032833,0.049000000000000044,0.00020000000000000573,0.5499999999999998,7.0920000000000005,0.763,0.04022,0.2616677282356384,0.0218288799529431,8.366600265341448e-05,7.24
0,1,229.7,0.0412,7.24,0.764,9.46364,1.3071325966850829,0.00569060773480663,-0.016000000000000014,0.000899999999999998,-0.0699999999999994,7.07,0.7592000000000001,0.04042,0.23811761799581324,0.018939376969689392,0.0004438468204234459,7.46
0,1,231.1,0.0414,7.46,0.778,9.56754,1.2825120643431633,0.005549597855227882,0.014000000000000012,0.0001999999999999988,0.21999999999999975,7.186,0.7646,0.040639999999999996,0.26244999523718776,0.019844394674567462,0.0006107372593841004,7.31
0,1,230.0,0.0415,7.31,0.767,9.545,1.3057455540355678,0.005677154582763339,-0.01100000000000001,0.00010000000000000286,-0.15000000000000036,7.215999999999999,0.764,0.040900000000000006,0.26726391451148024,0.019685019685029562,0.0006519202405202664,7.61
0,1,232.0,0.0413,7.61,0.795,9.581600000000002,1.2590801576872537,0.005427069645203679,0.028000000000000025,-0.0001999999999999988,0.3000000000000007,7.386,0.7767999999999999,0.04114,0.14876155417311204,0.012275992831539174,0.00048270073544588884,7.11
0,1,228.8,0.0416,7.11,0.749,9.51808,1.338689170182841,0.005850914205344585,-0.04600000000000004,0.0002999999999999947,-0.5,7.346000000000001,0.7706000000000001,0.041400000000000006,0.19424211695716173,0.017126003620226225,0.00015811388300843344,7.56
0,1,230.8,0.0417,7.56,0.785,9.624360000000001,1.2730634920634922,0.005515873015873017,0.03600000000000003,0.00010000000000000286,0.4499999999999993,7.409999999999999,0.7748,0.041499999999999995,0.20310096011589812,0.017669182210843865,0.00015811388300843344,7.66
0,1,231.7,0.0415,7.66,0.798,9.61555,1.2552937336814622,0.0054177545691906,0.013000000000000012,-0.0001999999999999988,0.10000000000000053,7.45,0.7788,0.04152,0.23291629397704158,0.020596116138728714,0.000148323969741928,7.18
0,1,229.5,0.0413,7.18,0.758,9.47835,1.3201044568245126,0.0057520891364902516,-0.040000000000000036,-0.0001999999999999988,-0.4800000000000004,7.4239999999999995,0.777,0.04148,0.2583215051055558,0.022214859891523095,0.00017888543819999557,8.01
0,2,229.6,0.0429,8.01,0.813,9.84984,1.229692883895131,0.005355805243445693,0.05499999999999994,0.0015999999999999973,0.8300000000000001,7.504,0.7806,0.0418,0.3686868590009678,0.026838405317753153,0.0006324555320336772,8.24
0,2,231.3,0.0432,8.24,0.826,9.99216,1.212640776699029,0.005242718446601942,0.013000000000000012,0.00030000000000000165,0.23000000000000043,7.7299999999999995,0.796,0.042120000000000005,0.4107310555582562,0.02625833201100179,0.0008671793355471516,8.07
0,2,230.2,0.0431,8.07,0.815,9.921619999999999,1.229444857496902,0.005340768277571252,-0.01100000000000001,-0.00010000000000000286,-0.16999999999999993,7.831999999999999,0.8019999999999999,0.04240000000000001,0.42115317878415587,0.02654241887997405,0.0009219544457292863,8.43
0,2,232.3,0.0435,8.43,0.836,10.10505,1.1987010676156584,0.0051601423487544484,0.02100000000000002,0.0003999999999999976,0.35999999999999943,7.986,0.8096,0.0428,0.4793015752112639,0.030286960890786103,0.000866025403784432,7.83
0,2,228.9,0.043,7.83,0.797,9.842699999999999,1.2570498084291186,0.005491698595146871,-0.038999999999999924,-0.0005000000000000004,-0.5999999999999996,8.116,0.8173999999999999,0.04314,0.22864820139244152,0.014673104647620137,0.0002302172886644003,8.31
0,2,231.1,0.0433,8.31,0.832,10.00663,1.2041672683513838,0.005210589651022863,0.03499999999999992,0.00030000000000000165,0.4800000000000004,8.175999999999998,0.8211999999999999,0.04322,0.23319519720611429,0.015674820573136173,0.0001923538406166803,8.81
0,3,229.8,0.0457,8.81,0.839,10.50186,1.192038592508513,0.005187287173666288,0.007000000000000006,0.0023999999999999994,0.5,8.290000000000001,0.8238,0.043719999999999995,0.3709447398198261,0.017626684316683433,0.0011233877335986822,9.11
0,3,231.5,0.0464,9.11,0.85,10.7416,1.179099890230516,0.005093304061470911,0.01100000000000001,0.0006999999999999992,0.29999999999999893,8.498000000000001,0.8308,0.044379999999999996,0.489407805413847,0.020042454939453287,0.0015546703830715933,8.98
0,3,230.7,0.0462,8.98,0.845,10.658339999999999,1.1868975501113583,0.005144766146993318,-0.0050000000000000044,-0.0001999999999999988,-0.129999999999999,8.608,0.8326,0.04492,0.5303960784168732,0.02100714164278462,0.0016392071254115418,9.34
0,3,232.8,0.0466,9.34,0.859,10.84848,1.161507494646681,0.0049892933618843685,0.014000000000000012,0.0004000000000000045,0.35999999999999943,8.91,0.845,0.04564,0.3872337795182616,0.010319883720276054,0.0013501851724855983,8.57
0,3,228.9,0.0458,8.57,0.82,10.48362,1.2232928821470246,0.005344224037339557,-0.039000000000000035,-0.0008000000000000021,-0.7699999999999996,8.962,0.8426,0.04614,0.29235252692596597,0.014604793733566332,0.00038470768123337654,6.88
2,0,221.8,0.3695,51.76,0.631,81.9551,1.5833674652241114,0.0071387171561051,-0.007000000000000006,-0.0005000000000000004,-1.1200000000000045,52.402,0.6354,0.36974,0.5389990723554189,0.0032093613071762644,0.0004929503017546518,53.14
2,0,224.5,0.3701,53.14,0.641,83.08744999999999,1.5635575837410611,0.006964621753857734,0.010000000000000009,0.0005999999999999894,1.3800000000000026,52.568000000000005,0.6365999999999999,0.36982,0.624595869342732,0.004037325847637272,0.0005167204273105563,52.66
2,0,223.1,0.3705,52.66,0.637,82.65854999999999,1.5696648309912646,0.007035700721610331,-0.0040000000000000036,0.00040000000000001146,-0.480000000000004,52.496,0.6362,0.36984,0.5785153411967585,0.0038340579025361718,0.0005458937625582445,52.09
2,0,222.7,0.3694,52.09,0.634,82.26538,1.5792931464772506,0.0070915722787483195,-0.0030000000000000027,-0.0010999999999999899,-0.5699999999999932,52.50599999999999,0.6362,0.3699,0.5690166957128769,0.0038340579025361718,0.0004527692569068592,52.95
2,0,223.6,0.3707,52.95,0.639,82.88851999999999,1.5654111425873463,0.007000944287063267,0.0050000000000000044,0.0012999999999999678,0.8599999999999994,52.52,0.6364000000000001,0.37004,0.5812486559124251,0.003974921382870363,0.0005813776741499308,52.06
2,0,222.1,0.3698,52.06,0.634,82.13258,1.5776523242412601,0.007103342297349212,-0.0050000000000000044,-0.0008999999999999564,-0.8900000000000006,52.580000000000005,0.637,0.3701,0.49178247223747246,0.003082207001484472,0.0005244044240850585,55.48
2,1,223.5,0.383,55.48,0.647,85.6005,1.542907354001442,0.006903388608507571,0.013000000000000012,0.01319999999999999,3.4199999999999946,53.048,0.6382,0.37268,1.4114425245117141,0.005357238094391549,0.005792840408642381,55.96
2,1,224.3,0.3838,55.96,0.65,86.08633999999999,1.5383548963545388,0.0068584703359542525,0.0030000000000000027,0.0007999999999999674,0.480000000000004,53.708000000000006,0.6408,0.37534,1.8788214390942013,0.007395944834840269,0.007378211165316414,56.11
2,1,222.9,0.3843,56.11,0.653,85.66047,1.5266524683657103,0.006849046515772589,0.0030000000000000027,0.0005000000000000004,0.14999999999999858,54.512,0.6446000000000001,0.37832,1.8734647047649473,0.007893034904268558,0.007388301563959045,56.58
2,1,223.9,0.385,56.58,0.656,86.20150000000001,1.523533050547897,0.0068045245669848,0.0030000000000000027,0.0007000000000000339,0.46999999999999886,55.238,0.648,0.38117999999999996,1.8194010003295067,0.0085146931829634,0.006403280409290202,57.02
2,1,224.6,0.3854,57.02,0.658,86.56084,1.5180785689231848,0.006759031918625044,0.0020000000000000018,0.00040000000000001146,0.44000000000000483,56.230000000000004,0.6528,0.3843,0.5908468498689131,0.004438468204235096,0.0009539392014170097,55.74
2,1,222.8,0.384,55.74,0.651,85.5552,1.5348977395048438,0.006889128094725511,-0.007000000000000006,-0.0014000000000000123,-1.2800000000000011,56.282,0.6536,0.38449999999999995,0.5148980481610086,0.0033615472627952624,0.0006782329983126283,56.33
2,1,223.7,0.3848,56.33,0.654,86.07976,1.5281334990236108,0.006831173442215515,0.0030000000000000027,0.0007999999999999674,0.5899999999999963,56.35600000000001,0.6544000000000001,0.3847,0.4826282213049885,0.002701851217222486,0.0005567764362831163,58.84
2,2,223.2,0.4004,58.84,0.658,89.36927999999999,1.5188524813052342,0.006804894629503738,0.0040000000000000036,0.015600000000000003,2.510000000000005,56.902,0.6554,0.38792,1.1780152800367363,0.0029664793948394486,0.006995141170841379,60.02
2,2,224.5,0.4028,60.02,0.664,90.4286,1.506641119626791,0.006711096301232922,0.006000000000000005,0.0024000000000000132,1.1799999999999997,57.59000000000001,0.657,0.39148,1.7890220792377163,0.00489897948556712,0.009290425178644954,60.66
2,2,223.9,0.4052,60.66,0.668,90.72428000000001,1.495619518628421,0.00667985492911309,0.0040000000000000036,0.0024000000000000132,0.6399999999999935,58.318000000000005,0.659,0.39544,2.1938824034118247,0.00700000000000057,0.010223893583170754,61.38
2,2,224.8,0.4072,61.38,0.671,91.53856,1.4913418051482568,0.006634082763115021,0.0030000000000000027,0.0020000000000000018,0.720000000000006,59.446000000000005,0.663,0.40008,1.9761275262492686,0.007000000000000641,0.008914706949754447,59.22
2,2,222.8,0.4036,59.22,0.659,89.92208000000001,1.5184410672070248,0.006815265113137454,-0.01200000000000001,-0.003599999999999992,-2.1600000000000037,60.024,0.664,0.40384000000000003,1.0357992083411027,0.005612486080161733,0.0025549951076274365,60.18
2,2,223.6,0.4055,60.18,0.665,90.66980000000001,1.5066434031239615,0.006738118976404121,0.006000000000000005,0.0019000000000000128,0.9600000000000009,60.291999999999994,0.6654,0.40486000000000005,0.7991995995995378,0.004505552130428591,0.0017198837169995508,64.42
2,3,223.5,0.4282,64.42,0.674,95.70270000000001,1.4856054020490532,0.0066470040360136606,0.009000000000000008,0.022699999999999998,4.240000000000002,61.172000000000004,0.6674000000000001,0.40994,1.9779585435494031,0.005770615218502306,0.010287273691313992,65.76
2,3,224.1,0.4314,65.76,0.681,96.67674,1.4701450729927006,0.006560218978102189,0.007000000000000006,0.0031999999999999806,1.3400000000000034,62.19200000000001,0.6700000000000002,0.41518,2.7944087031069897,0.008426149773177023,0.013454441645791227,66.58
2,3,222.9,0.4339,66.58,0.688,96.71631000000001,1.4526330729948935,0.0065169720636827876,0.006999999999999895,0.0025000000000000022,0.8199999999999932,63.232000000000006,0.6734,0.42052000000000006,3.3324945611358605,0.011717508267546122,0.01473319381532741,67.81
2,3,223.8,0.4372,67.81,0.695,97.84536,1.4429340805190973,0.0064474266332399345,0.007000000000000006,0.0032999999999999696,1.230000000000004,64.95,0.6806,0.42724,2.9379584748597267,0.011717508267546216,0.012593768300234945,68.66
2,3,224.6,0.4395,68.66,0.698,98.7117,1.437688610544713,0.006401106903582873,0.0030000000000000027,0.0023000000000000242,0.8499999999999943,66.646,0.6872,0.4340400000000001,1.6699940119653378,0.009884331034522043,0.0044969989993332085,67.02
2,3,223.0,0.4346,67.02,0.691,96.91579999999999,1.4460728140853476,0.006484631453297523,-0.007000000000000006,-0.0049000000000000155,-1.6400000000000006,67.16600000000001,0.6905999999999999,0.43532000000000004,1.1167273615346256,0.006580273550546103,0.0031188138771020353,52.44
1,0,229.7,0.4249,95.84,0.982,97.59953,1.0183590358931551,0.004433430717863105,0.121,-0.012299999999999978,8.900000000000006,89.52799999999999,0.8916000000000001,0.43474,3.6047080325596372,0.050796653433077696,0.005526572174503943,96.11
1,0,230.1,0.425,96.11,0.983,97.79249999999999,1.0175059827281239,0.004422016439496411,0.0010000000000000009,9.999999999998899e-05,0.269999999999996,91.05799999999999,0.9136000000000001,0.43232,4.540189423361087,0.06306583861331065,0.006748851754187633,97.02
1,0,231.3,0.4248,97.02,0.988,98.25624,1.0127421150278295,0.0043784786641929505,0.0050000000000000044,-0.00019999999999997797,0.9099999999999966,92.946,0.9376000000000001,0.4299799999999999,4.6925344964102065,0.06419735197031166,0.006962183565520362,96.52
1,0,230.8,0.4252,96.52,0.985,98.13616,1.0167443016991298,0.004405304600082885,-0.0030000000000000027,0.00040000000000001146,-0.5,94.486,0.9598000000000001,0.42741999999999997,4.241789716617233,0.055278386372975996,0.00546918641115864,95.28
1,0,229.5,0.4253,95.28,0.978,97.60635,1.0244159319899244,0.004463685978169605,-0.007000000000000006,9.999999999998899e-05,-1.2399999999999949,96.154,0.9832000000000001,0.42504,0.6611202613742916,0.0037013511046579857,0.0002073644135403206,98.12
1,0,232.0,0.4247,98.12,0.997,98.5304,1.0041826335099877,0.004328373420301671,0.019000000000000017,-0.0005999999999999894,2.8400000000000034,96.60999999999999,0.9862,0.425,1.0577334257739928,0.007049822692801906,0.000254950975685379,97.46
1,0,231.6,0.4251,97.46,0.991,98.45316,1.010190437102401,0.004361789452082905,-0.006000000000000005,0.00039999999999995595,-0.6600000000000108,96.88,0.9878,0.42502000000000006,1.0704204781297684,0.007049822692801605,0.00025884358211653545,95.92
1,0,230.2,0.4249,95.92,0.985,97.81197999999999,1.0197245621351125,0.004429733110925771,-0.006000000000000005,-0.00019999999999997797,-1.539999999999992,96.66,0.9872,0.42504,1.1449017425087555,0.0071554175279952715,0.00024083189158189975,95.61
1,0,229.9,0.4254,95.61,0.98,97.79946,1.022899905867587,0.004449325384374019,-0.0050000000000000044,0.0005000000000000004,-0.3100000000000023,96.478,0.9862,0.42508,1.2410157130349326,0.007854934754658656,0.0002863564212705947,96.88
1,0,231.1,0.425,96.88,0.989,98.2175,1.0138057390586293,0.004386870355078448,0.009000000000000008,-0.00040000000000001146,1.269999999999996,96.798,0.9884000000000001,0.42501999999999995,1.0458106903257267,0.006387487769063758,0.0002588435821165351,98.44
1,0,232.3,0.4248,98.44,0.999,98.68104000000001,1.0024485981308413,0.004315318976026006,0.010000000000000009,-0.00019999999999997797,1.5600000000000023,96.862,0.9888000000000001,0.42504,1.151399148861752,0.007085195833562987,0.0002302172886707633,96.31
1,0,230.4,0.4252,96.31,0.984,97.96608,1.0171953068217217,0.004414910185858167,-0.015000000000000013,0.00040000000000001146,-2.1299999999999955,96.632,0.9874,0.42506000000000005,1.1164094231058712,0.007231873892701781,0.00024083189158189064,95.18
1,0,229.6,0.425,95.18,0.977,97.58,1.0252153813826432,0.0044652237865097704,-0.007000000000000006,-0.00020000000000003348,-1.1299999999999955,96.48400000000001,0.9858,0.42508,1.2725289780588867,0.008642916174529619,0.0002280350850261962,97.95
1,0,231.8,0.4247,97.95,0.997,98.44546000000001,1.0050582950484943,0.004335885655946912,0.020000000000000018,-0.00029999999999996696,2.769999999999996,96.952,0.9892000000000001,0.42494,1.3007190319202502,0.009121403400789638,0.0001949358869037724,96.73
1,0,230.7,0.4253,96.73,0.986,98.11671,1.0143358833867466,0.004396774527034012,-0.01100000000000001,0.0005999999999999894,-1.2199999999999989,96.922,0.9886000000000001,0.425,1.3045190684691255,0.009235799911211717,0.0002549509756854006,94.92
1,1,230.2,0.4268,94.92,0.965,98.24936,1.0350754319426885,0.004496418036241045,-0.02100000000000002,0.0015000000000000013,-1.8100000000000023,96.218,0.9818000000000001,0.42540000000000006,1.2280757305637224,0.011819475453672056,0.0008154753215167116,95.44
1,1,231.0,0.4272,95.44,0.968,98.6832,1.0339815590947192,0.004476110645431685,0.0030000000000000027,0.00040000000000001146,0.519999999999996,96.04400000000001,0.9786000000000001,0.4258,1.2726075593047657,0.013164345787009877,0.0011247221879213687,93.98
1,1,229.4,0.4265,93.98,0.957,97.8391,1.0410629921259842,0.004538199616939774,-0.01100000000000001,-0.0007000000000000339,-1.4599999999999937,95.804,0.9746,0.42610000000000003,1.557539726620047,0.016410362579784014,0.001055935604098326,96.08
1,1,232.1,0.427,96.08,0.972,99.10669999999999,1.0315018734388008,0.00444421315570358,0.015000000000000013,0.0005000000000000004,2.0999999999999943,95.43,0.9696,0.42656,1.0577334257740345,0.01069111780872273,0.0007503332592937349,95.63
1,1,230.8,0.4269,95.63,0.97,98.52852,1.0303097354386699,0.004464080309526299,-0.0020000000000000018,-9.999999999998899e-05,-0.45000000000000284,95.21000000000001,0.9664000000000001,0.42688,0.8036168241143854,0.005856620185738219,0.00025884358211531545,94.36
1,1,229.9,0.4276,94.36,0.959,98.30524,1.0418105129292072,0.004531581178465451,-0.01100000000000001,0.0006999999999999784,-1.269999999999996,95.098,0.9652000000000001,0.42704,0.8886619154659994,0.006760177512462204,0.0004037325847665097,95.81
1,1,231.5,0.4271,95.81,0.971,98.87365,1.0319763072748147,0.004457781024945204,0.01200000000000001,-0.0005000000000000004,1.4500000000000028,95.172,0.9658,0.42702,0.9382803419019797,0.007190271204898877,0.00039623225512601634,94.72
1,1,230.1,0.4267,94.72,0.964,98.18367,1.0365674619932432,0.004504856418918919,-0.007000000000000006,-0.00039999999999995595,-1.0900000000000034,95.32,0.9672000000000001,0.42706,0.7408441131572076,0.005540758070877484,0.0003361547262827527,94.05
1,1,229.7,0.4278,94.05,0.954,98.26566,1.0448236044657098,0.004548644338118022,-0.010000000000000009,0.0010999999999999899,-0.6700000000000017,94.914,0.9636000000000001,0.42722,0.775648116093703,0.007231873892706179,0.0004658325879564487,95.66
1,1,231.2,0.4273,95.66,0.968,98.79176,1.0327384486723814,0.004466861802216182,0.014000000000000012,-0.0005000000000000004,1.6099999999999994,94.91999999999999,0.9632000000000002,0.42729999999999996,0.7826557353011033,0.006833739825308435,0.00043011626335466894,91.76
1,2,230.0,0.4302,91.76,0.926,98.94600000000001,1.0783129904097646,0.004688317349607672,-0.041999999999999926,0.0029000000000000137,-3.8999999999999915,94.4,0.9566000000000001,0.42782,1.6408991437622622,0.018270194306575553,0.0013881642554114512,92.54
1,2,231.4,0.4311,92.54,0.929,99.75654,1.0779829263021397,0.004658526042792306,0.0030000000000000027,0.0008999999999999564,0.7800000000000011,93.746,0.9482000000000002,0.42862,1.5892702727981025,0.019601020381603895,0.0019201562436431444,90.88
1,2,229.8,0.4308,90.88,0.917,98.99784000000001,1.0893248239436621,0.004740316901408451,-0.01200000000000001,-0.00029999999999996696,-1.6600000000000108,92.978,0.9388000000000002,0.42944000000000004,1.8986363527542085,0.021323695739718318,0.001764369575797984,93.14
1,2,232.0,0.4315,93.14,0.933,100.108,1.0748121108009447,0.004632810822417866,0.016000000000000014,0.0006999999999999784,2.260000000000005,92.796,0.9346000000000002,0.43018,1.8118167677775299,0.019578048932416506,0.001678392087684334,91.92
1,2,230.6,0.4309,91.92,0.925,99.36554,1.0810002175805047,0.004687771975630983,-0.008000000000000007,-0.0005999999999999894,-1.2199999999999989,92.048,0.9260000000000002,0.4309,0.8511874059218003,0.005916079783110118,0.00047434164902648943,90.51
1,2,229.5,0.4318,90.51,0.912,99.0981,1.0948856479946967,0.004770743564247044,-0.013000000000000012,0.0009000000000000119,-1.4099999999999966,91.798,0.9232000000000001,0.43122,1.103186294331061,0.008613942186950965,0.000420713679360551,92.81
1,2,231.7,0.4312,92.81,0.931,99.90904,1.0764900334015732,0.0046460510720827495,0.019000000000000017,-0.0005999999999999894,2.299999999999997,91.852,0.9236000000000001,0.43124,1.154023396643193,0.008988882021705058,0.00041593268686301367,91.31
1,2,230.2,0.4306,91.31,0.921,99.12411999999999,1.0855779213667724,0.0047158033074143025,-0.010000000000000009,-0.0006000000000000449,-1.5,91.93800000000002,0.9244000000000001,0.4311999999999999,1.076926181314152,0.008414273587192767,0.00047434164902641554,87.04
1,3,229.4,0.4359,87.04,0.869,99.99546000000001,1.1488448988970588,0.0050080422794117644,-0.052000000000000046,0.005300000000000027,-4.269999999999996,90.718,0.9116000000000002,0.43208,2.221636783995073,0.024795160818195397,0.0021810547906920994,88.22
1,3,231.2,0.4368,88.22,0.873,100.98816,1.1447309000226706,0.004951258218091136,0.0040000000000000036,0.0009000000000000119,1.1799999999999926,89.97800000000001,0.9012,0.43326000000000003,2.3345170806828635,0.028411265371331217,0.002870191631233159,87.36
1,3,230.0,0.4361,87.36,0.868,100.303,1.1481570512820514,0.004991987179487179,-0.0050000000000000044,-0.0007000000000000339,-0.8599999999999994,89.348,0.8924000000000001,0.43412000000000006,2.568378866133283,0.03093218388669366,0.0029659737018390454,88.71
1,3,232.1,0.4375,88.71,0.875,101.54375,1.1446708375605907,0.004931800247999099,0.007000000000000006,0.0014000000000000123,1.3499999999999943,88.528,0.8812000000000001,0.43538000000000004,1.691588011307758,0.02243211982850179,0.002745359721421009,86.92
1,3,229.8,0.4369,86.92,0.862,100.39962000000001,1.155080763920847,0.0050264611136677404,-0.013000000000000012,-0.0005999999999999894,-1.789999999999992,87.65,0.8694000000000001,0.43664000000000003,0.7806407624510617,0.005029910536013333,0.0006465291950104223,88.34
1,3,231.5,0.438,88.34,0.871,101.397,1.1478039393253339,0.0049581163685759565,0.009000000000000008,0.0010999999999999899,1.4200000000000017,87.91,0.8698,0.43706000000000006,0.7422263805606513,0.005069516742283895,0.0007231873892711804,95.84
0,0,229.4,0.0401,6.88,0.746,9.19894,1.3370552325581395,0.005828488372093023,-0.07399999999999995,-0.005700000000000004,-1.6900000000000004,8.576,0.8240000000000001,0.04502,0.9884988619113317,0.04594017849334084,0.0027662248643232105,7.11
0,0,230.7,0.0402,7.11,0.766,9.27414,1.3043797468354428,0.005654008438818565,0.020000000000000018,0.00010000000000000286,0.23000000000000043,8.176,0.8071999999999999,0.04378,1.1149573982892793,0.04929198717844527,0.0033259585084603758,7.18
0,0,231.2,0.0401,7.18,0.773,9.271119999999998,1.291242339832869,0.005584958217270195,0.007000000000000006,-0.00010000000000000286,0.0699999999999994,7.816,0.7928000000000001,0.04256,1.0805230215039374,0.04588790690367138,0.0033351161898800426,6.82
0,0,228.8,0.04,6.82,0.745,9.152000000000001,1.3419354838709678,0.005865102639296188,-0.028000000000000025,-9.999999999999593e-05,-0.35999999999999943,7.312,0.77,0.04124,0.7192843665755554,0.030520484924063836,0.0025500980373311085,7.24
0,0,232.0,0.0402,7.24,0.776,9.3264,1.2881767955801104,0.005552486187845303,0.031000000000000028,0.0001999999999999988,0.41999999999999993,7.046000000000001,0.7612,0.04012,0.18595698427323804,0.014788509052639726,8.366600265335381e-05,6.95
0,0,229.1,0.0401,6.95,0.756,9.18691,1.3218575539568345,0.00576978417266187,-0.020000000000000018,-0.00010000000000000286,-0.29000000000000004,7.0600000000000005,0.7632,0.04012,0.17248188310659557,0.012755391017134974,8.366600265335381e-05,7.08
0,0,230.5,0.0402,7.08,0.764,9.2661,1.308771186440678,0.005677966101694915,0.008000000000000007,0.00010000000000000286,0.1299999999999999,7.054,0.7628,0.04012,0.17082154430866525,0.012676750372236862,8.366600265335381e-05,7.33
0,0,233.1,0.0402,7.33,0.781,9.370619999999999,1.2783929058663026,0.00548431105047749,0.017000000000000015,0.0,0.25,7.0840000000000005,0.7644,0.040139999999999995,0.2076776348093298,0.014638989036132524,8.944271909993809e-05,6.91
0,0,227.9,0.0403,6.91,0.754,9.184370000000001,1.3291418234442838,0.005832127351664255,-0.027000000000000024,0.00010000000000000286,-0.41999999999999993,7.102000000000001,0.7662000000000001,0.0402,0.18130085493454623,0.011966620241321632,7.071067811858035e-05,7.15
0,0,231.4,0.0402,7.15,0.769,9.30228,1.3010181818181816,0.005622377622377622,0.015000000000000013,-0.00010000000000000286,0.2400000000000002,7.0840000000000005,0.7647999999999999,0.0402,0.16816658407661536,0.010894952959972228,7.071067811858035e-05,6.74
0,0,230.2,0.0401,6.74,0.729,9.23102,1.3695875370919879,0.005949554896142433,-0.040000000000000036,-0.00010000000000000286,-0.41000000000000014,7.042,0.7594000000000001,0.0402,0.22620786900547316,0.01957804893241423,7.071067811858035e-05,7.29
0,0,232.4,0.0403,7.29,0.776,9.365720000000001,1.284735253772291,0.005528120713305899,0.04700000000000004,0.00020000000000000573,0.5499999999999998,7.0840000000000005,0.7618,0.04022,0.25294268125406855,0.02096902477465289,8.36660026533437e-05,7.03
0,0,229.7,0.0402,7.03,0.76,9.233939999999999,1.3135049786628732,0.005718349928876244,-0.016000000000000014,-0.00010000000000000286,-0.2599999999999998,7.024000000000001,0.7576,0.04022,0.21232051243343691,0.018063775906493232,8.36660026533437e-05,7.17
0,0,230.8,0.04,7.17,0.777,9.232000000000001,1.287587168758717,0.005578800557880056,0.017000000000000015,-0.0001999999999999988,0.13999999999999968,7.0760000000000005,0.7622,0.040159999999999994,0.20923670806050595,0.01976613265158377,0.00011401754250987027,7.06
0,0,231.6,0.0401,7.06,0.759,9.287159999999998,1.3154617563739375,0.005679886685552408,-0.018000000000000016,9.999999999999593e-05,-0.11000000000000032,7.058,0.7602,0.040139999999999995,0.2051097267318089,0.019408760908414677,0.00011401754250987263,7.22
0,1,229.8,0.0411,7.22,0.762,9.44478,1.3081412742382272,0.005692520775623268,0.0030000000000000027,0.0010000000000000009,0.16000000000000014,7.154000000000001,0.7668,0.04034,0.10876580344941895,0.008927485648266564,0.000439317652729759,7.41
0,1,231.0,0.0413,7.41,0.775,9.5403,1.2874898785425102,0.0055735492577597846,0.013000000000000012,0.00020000000000000573,0.1900000000000004,7.178,0.7666,0.04054,0.1512283042290619,0.008677557259966969,0.0006107372593840847,7.34
0,1,230.2,0.0415,7.34,0.768,9.5533,1.3015395095367848,0.005653950953678474,-0.007000000000000006,0.0001999999999999988,-0.07000000000000028,7.24,0.7682,0.040799999999999996,0.13838352503097268,0.007854934754662523,0.0006999999999999847,7.58
0,1,232.1,0.0412,7.58,0.793,9.56252,1.26154617414248,0.005435356200527704,0.025000000000000022,-0.00030000000000000165,0.2400000000000002,7.322,0.7714000000000001,0.04104,0.1960102038160207,0.01353883303686122,0.0005458937625582235,7.08
0,1,228.9,0.0414,7.08,0.747,9.47646,1.3384830508474574,0.005847457627118644,-0.04600000000000004,0.0001999999999999988,-0.5,7.3260000000000005,0.769,0.0413,0.1894201678808198,0.0169263108798109,0.0001581138830083196,7.49
0,1,230.7,0.0416,7.49,0.781,9.597119999999999,1.2813244325767688,0.005554072096128171,0.03400000000000003,0.0001999999999999988,0.41000000000000014,7.38,0.7727999999999999,0.041400000000000006,0.1901315334183103,0.01709385854627342,0.00015811388300831467,7.63
0,1,231.8,0.0415,7.63,0.795,9.619700000000002,1.2607732634338142,0.00543905635648755,0.014000000000000012,-9.999999999999593e-05,0.13999999999999968,7.424000000000001,0.7768,0.04144,0.2216528817768859,0.01985447052932927,0.00015165750888092175,7.18
0,1,229.6,0.0413,7.18,0.756,9.48248,1.3206796657381616,0.0057520891364902516,-0.039000000000000035,-0.0001999999999999988,-0.4500000000000002,7.392,0.7744,0.041400000000000006,0.24692104001076554,0.021812840255225917,0.00015811388300831467,7.52
0,1,230.4,0.0417,7.52,0.783,9.60768,1.2776170212765958,0.0055452127659574475,0.027000000000000024,0.0003999999999999976,0.33999999999999986,7.38,0.7724,0.041499999999999995,0.23674881203503012,0.02006987792688346,0.0001581138830083097,7.66
0,1,232.3,0.0414,7.66,0.796,9.61722,1.2555117493472585,0.005404699738903394,0.013000000000000012,-0.00030000000000000165,0.14000000000000057,7.496,0.7822,0.041499999999999995,0.19060430215501076,0.01614620698492389,0.0001581138830083097,7.96
0,2,229.5,0.0428,7.96,0.81,9.8226,1.2339949748743717,0.005376884422110552,0.014000000000000012,0.0013999999999999985,0.2999999999999998,7.589999999999999,0.788,0.04174,0.2812472222085033,0.02028546277510093,0.0006107372593840657,8.22
0,2,231.2,0.0431,8.22,0.824,9.96472,1.2122530413625303,0.005243309002433089,0.013999999999999901,0.00030000000000000165,0.2600000000000007,7.708,0.7938,0.04206,0.4006494727314641,0.026099808428415812,0.0008324662155306711,8.04
0,2,230.1,0.043,8.04,0.812,9.8943,1.230634328358209,0.005348258706467662,-0.0119999999999999,-0.00010000000000000286,-0.1800000000000015,7.88,0.805,0.04239999999999999,0.285306852353744,0.015811388300842125,0.00079056941504207,8.41
0,2,232.4,0.0434,8.41,0.834,10.086160000000001,1.199305588585018,0.005160523186682521,0.02199999999999991,0.0004000000000000045,0.370000000000001,8.058,0.8151999999999999,0.04274,0.28217016142746565,0.014463747785411952,0.0007797435475846969,7.81
0,2,228.7,0.0429,7.81,0.795,9.81123,1.2562394366197185,0.005492957746478873,-0.038999999999999924,-0.0005000000000000004,-0.6000000000000005,8.088,0.8150000000000001,0.04304,0.2329592238998109,0.01479864858694903,0.00023021728866436984,8.28
0,2,231.0,0.0432,8.28,0.83,9.9792,1.205217391304348,0.0052173913043478265,0.03499999999999992,0.00030000000000000165,0.46999999999999975,8.152000000000001,0.819,0.043120000000000006,0.2329592238998116,0.015779733838059817,0.0001923538406166507,8.37
0,2,230.6,0.0435,8.37,0.834,10.031099999999999,1.1984587813620071,0.005197132616487455,0.0040000000000000036,0.0002999999999999947,0.08999999999999986,8.182,0.8210000000000001,0.0432,0.2527251471460699,0.01714642819948256,0.0002549509756795947,7.99
0,2,229.4,0.0431,7.99,0.806,9.88714,1.237439299123905,0.00539424280350438,-0.027999999999999914,-0.0003999999999999976,-0.379999999999999,8.172,0.8198000000000001,0.043219999999999995,0.26061465806819567,0.01811629101113167,0.00023874672772621942,8.74
0,3,229.9,0.0455,8.74,0.836,10.46045,1.1968478260869564,0.005205949656750572,0.029999999999999916,0.0023999999999999994,0.75,8.238,0.8202,0.04364,0.3591239340394941,0.01852565788305534,0.0010620734437881362,9.05
0,3,231.6,0.0462,9.05,0.847,10.699919999999999,1.1823116022099445,0.005104972375690607,0.01100000000000001,0.0006999999999999992,0.3100000000000005,8.486,0.8305999999999999,0.0443,0.41367861922028865,0.015126136320951746,0.0014439529078193699,8.92
0,3,230.8,0.046,8.92,0.841,10.6168,1.1902242152466367,0.00515695067264574,-0.006000000000000005,-0.0001999999999999988,-0.13000000000000078,8.614,0.8328,0.04486,0.43258525171346907,0.015801898620103113,0.001453616180427294,9.28
0,3,232.7,0.0465,9.28,0.857,10.820549999999999,1.1660075431034482,0.005010775862068966,0.016000000000000014,0.0005000000000000004,0.35999999999999943,8.796,0.8374,0.04546,0.49166045193812996,0.01921717981390661,0.0013685759021698652,8.53
0,3,228.8,0.0457,8.53,0.817,10.45616,1.2258100820633062,0.005357561547479484,-0.040000000000000036,-0.0008000000000000021,-0.75,8.904,0.8396000000000001,0.04598,0.28710625210887897,0.014859340496806135,0.0003962322551232894,9.11
0,3,231.1,0.0463,9.11,0.85,10.69993,1.1745257958287596,0.005082327113062569,0.03300000000000003,0.0006000000000000033,0.5800000000000001,8.978,0.8423999999999999,0.04614,0.28190423906001766,0.015323185047503175,0.0003049590136396947,8.96
0,3,230.2,0.0461,8.96,0.844,10.61222,1.1843995535714285,0.005145089285714286,-0.006000000000000005,-0.0001999999999999988,-0.14999999999999858,8.959999999999999,0.8417999999999999,0.04612,0.2790161285660875,0.015155856953667267,0.00030331501776221777,9.32
0,3,232.0,0.0466,9.32,0.861,10.811200000000001,1.1600000000000001,0.005,0.017000000000000015,0.0005000000000000004,0.35999999999999943,9.04,0.8458,0.04624,0.31913946794467146,0.017369513522261567,0.0003577708764001069,6.88
2,0,223.1,0.3698,52.44,0.636,82.50238,1.5732719298245614,0.007051868802440886,-0.05499999999999994,-0.06479999999999997,-14.579999999999998,64.502,0.6815999999999999,0.42300000000000004,6.789368159114667,0.02577401792503477,0.029822390916893326,52.98
2,0,224.0,0.3705,52.98,0.638,82.992,1.5664779161947906,0.006993204983012458,0.0020000000000000018,0.0006999999999999784,0.5399999999999991,61.782,0.6716,0.41032,8.304042389101832,0.03169069263995362,0.03671181008885287,52.18
2,0,222.6,0.3692,52.18,0.635,82.18391999999999,1.5750080490609426,0.007075507857416634,-0.0030000000000000027,-0.0013000000000000234,-0.7999999999999972,58.65599999999999,0.6596,0.39672,8.40878588144567,0.03197342646636433,0.03685969343334256,52.91
2,0,223.8,0.3701,52.91,0.639,82.82838,1.5654579474579475,0.006994896994896995,0.0040000000000000036,0.0009000000000000119,0.7299999999999969,55.50599999999999,0.6477999999999999,0.38283999999999996,6.445050814384629,0.02420123963767152,0.028938607430213252,51.82
2,0,221.9,0.3695,51.82,0.632,81.99205,1.5822472018525666,0.007130451563103049,-0.007000000000000006,-0.0005999999999999894,-1.0899999999999963,52.465999999999994,0.636,0.36982,0.4901836390577433,0.002738612787525663,0.0005069516742167521,53.16
2,0,224.4,0.3699,53.16,0.642,83.00556,1.5614288939051921,0.0069582392776523705,0.010000000000000009,0.00040000000000001146,1.3399999999999963,52.61,0.6372,0.36984,0.578446194559093,0.003834057902536145,0.0005079370039593216,52.63
2,0,223.0,0.3706,52.63,0.637,82.6438,1.5702793083792512,0.007041611248337449,-0.0050000000000000044,0.0006999999999999784,-0.529999999999994,52.54,0.6370000000000001,0.36985999999999997,0.5425403210821242,0.003807886552931919,0.0005412947441008254,52.02
2,0,222.7,0.3694,52.02,0.633,82.26538,1.5814183006535945,0.007101114955786236,-0.0040000000000000036,-0.0011999999999999789,-0.6099999999999994,52.507999999999996,0.6365999999999999,0.3699,0.5729485142662409,0.004159326868617032,0.0004847679857325286,52.96
2,0,223.5,0.3708,52.96,0.639,82.8738,1.5648376132930515,0.007001510574018127,0.006000000000000005,0.0014000000000000123,0.9399999999999977,52.51800000000001,0.6365999999999999,0.37004000000000004,0.5820824683839004,0.004159326868617032,0.0006348228099172303,52.11
2,0,222.2,0.3698,52.11,0.634,82.16956,1.5768482057186721,0.007096526578391864,-0.0050000000000000044,-0.0010000000000000009,-0.8500000000000014,52.576,0.637,0.37010000000000004,0.5044105470744012,0.0036742346141747377,0.0005830951894769963,53.04
2,0,224.1,0.3702,53.04,0.64,82.96181999999999,1.5641368778280542,0.006979638009049774,0.006000000000000005,0.00039999999999995595,0.9299999999999997,52.552,0.6366,0.37016,0.471455194053366,0.0030495901363953343,0.0005727128425233926,52.56
2,0,223.3,0.3697,52.56,0.637,82.55401,1.5706622907153729,0.00703386605783866,-0.0030000000000000027,-0.0005000000000000004,-0.4799999999999969,52.538,0.6366,0.36998,0.46959557067746754,0.0030495901363953343,0.0005403702434361133,51.96
2,0,221.8,0.3704,51.96,0.631,82.15472000000001,1.581114703618168,0.007128560431100847,-0.006000000000000005,0.0007000000000000339,-0.6000000000000014,52.525999999999996,0.6362,0.37018,0.4866004521164121,0.0037013511046642706,0.00044944410107513883,53.01
2,0,223.9,0.37,53.01,0.639,82.843,1.56278060743256,0.006979815129220902,0.008000000000000007,-0.00040000000000001146,1.0499999999999972,52.536,0.6362,0.37001999999999996,0.4981264899600255,0.0037013511046642706,0.00028635642125018597,52.34
2,0,222.5,0.3696,52.34,0.636,82.23599999999999,1.5711883836453953,0.007061520825372564,-0.0030000000000000027,-0.00040000000000001146,-0.6699999999999946,52.58200000000001,0.6366,0.36998,0.4579519625461774,0.003507135583349986,0.0003346640106004977,55.36
2,1,223.4,0.3828,55.36,0.646,85.51751999999999,1.5447528901734102,0.006914739884393064,0.010000000000000009,0.01319999999999999,3.019999999999996,53.04600000000001,0.6378,0.37249999999999994,1.3481394586614184,0.005449770637375546,0.0057662812973346775,55.88
2,1,224.2,0.3835,55.88,0.649,85.9807,1.5386667859699354,0.006862920544022906,0.0030000000000000027,0.0007000000000000339,0.5200000000000031,53.71,0.6402,0.37526000000000004,1.7930978779754099,0.0073280283842246585,0.0072123505183811255,56.02
2,1,222.9,0.3841,56.02,0.653,85.61589000000001,1.5283093538022134,0.006856479828632631,0.0040000000000000036,0.0005999999999999894,0.14000000000000057,54.522000000000006,0.6446000000000001,0.378,1.7202964860744008,0.007021395872617114,0.007500999933341777,56.43
2,1,223.8,0.3848,56.43,0.655,86.11824,1.526107389686337,0.00681906787169945,0.0020000000000000018,0.0006999999999999784,0.4099999999999966,55.206,0.6477999999999999,0.38096,1.6471733363553247,0.007463243262818526,0.006393199511980989,56.94
2,1,224.5,0.3852,56.94,0.658,86.4774,1.518746048472076,0.006765015806111697,0.0030000000000000027,0.00040000000000001146,0.509999999999998,56.126,0.6522,0.38408,0.5944577360922721,0.004764451699829539,0.0009679876032235367,55.61
2,1,222.7,0.3839,55.61,0.65,85.49453,1.5373948930048553,0.006903434634058623,-0.008000000000000007,-0.0012999999999999678,-1.3299999999999983,56.176,0.653,0.3843,0.5197403197751258,0.0036742346141760028,0.0006892024376004959,56.21
2,1,223.6,0.3846,56.21,0.654,85.99656,1.5299156733677282,0.006842198896993418,0.0040000000000000036,0.0006999999999999784,0.6000000000000014,56.242,0.654,0.38452,0.4930212977143609,0.0029154759474243107,0.0005263078946724183,56.72
2,1,224.1,0.385,56.72,0.657,86.2785,1.5211301128349788,0.0067877291960507765,0.0030000000000000027,0.00040000000000001146,0.509999999999998,56.38199999999999,0.6548,0.3847,0.5131958690402295,0.0031144823004811075,0.0004999999999945524,55.48
2,1,223.0,0.3834,55.48,0.648,85.4982,1.5410634462869504,0.006910598413842827,-0.009000000000000008,-0.0015999999999999903,-1.240000000000002,56.19199999999999,0.6534,0.38442,0.6488990676522459,0.004335896677736823,0.0007563068160439251,55.22
2,1,222.5,0.3829,55.22,0.647,85.19525,1.542833212604129,0.00693408185440058,-0.0010000000000000009,-0.0005000000000000004,-0.259999999999998,55.848,0.6512,0.38395999999999997,0.6078404395891672,0.004207136793593444,0.0008561541917169087,58.62
2,2,223.1,0.3998,58.62,0.657,89.19538,1.5215861480723303,0.006820197884680996,0.010000000000000009,0.01689999999999997,3.3999999999999986,56.45,0.6526,0.38714,1.3502962637880447,0.004827007354459744,0.007128674491095421,59.88
2,2,224.6,0.4024,59.88,0.663,90.37903999999999,1.5093360053440212,0.006720106880427521,0.006000000000000005,0.002599999999999991,1.2600000000000051,57.18399999999999,0.6544000000000001,0.3907,2.0190789979592108,0.006767569726276138,0.009569743988215909,60.53
2,2,223.8,0.4048,60.53,0.667,90.59424,1.4966832975384106,0.006687592929126053,0.0040000000000000036,0.0024000000000000132,0.6499999999999986,57.946000000000005,0.6564,0.39466,2.469003847708624,0.008876936408469429,0.010656359603541658,61.31
2,2,224.9,0.4069,61.31,0.671,91.51181,1.4926082205186755,0.006636763986299135,0.0040000000000000036,0.0020999999999999908,0.7800000000000011,59.112,0.661,0.39936000000000005,2.3885916352528787,0.00938083151964748,0.009576168336030567,59.14
2,2,222.7,0.4032,59.14,0.658,89.79263999999999,1.5183063916131212,0.006817720662833954,-0.013000000000000012,-0.003699999999999981,-2.1700000000000017,59.896,0.6632,0.40342,1.072534381733304,0.00593295878967756,0.0026555602045509642,60.09
2,2,223.5,0.4051,60.09,0.664,90.53985,1.5067373939091362,0.00674155433516392,0.006000000000000005,0.0019000000000000128,0.9500000000000028,60.19,0.6646,0.40447999999999995,0.8029009901600873,0.004827007354460182,0.001754137964926006,61.08
2,2,224.1,0.4074,61.08,0.67,91.29834,1.4947337917485266,0.006669941060903733,0.006000000000000005,0.0022999999999999687,0.9899999999999949,60.42999999999999,0.666,0.40548,0.8640891157745594,0.0052440442408520326,0.0016961721610717101,59.55
2,2,223.0,0.404,59.55,0.66,90.092,1.512879932829555,0.0067842149454240145,-0.010000000000000009,-0.0033999999999999586,-1.5300000000000011,60.234,0.6646000000000001,0.40532,0.9432550026371717,0.0058137767415005264,0.0018102486017104555,64.21
2,3,223.4,0.4278,64.21,0.672,95.57052,1.4884055443077404,0.006662513627160879,0.01200000000000001,0.023799999999999988,4.659999999999997,60.814,0.6648000000000001,0.4095,2.032714933285056,0.006099180272791801,0.010351328417164364,65.58
2,3,224.2,0.431,65.58,0.68,96.63019999999999,1.4734705702958217,0.006572125648063434,0.008000000000000007,0.0031999999999999806,1.3700000000000045,62.102,0.6692,0.41506,2.652615690219776,0.007694153624669596,0.013196514691387043,66.41
2,3,222.8,0.4335,66.41,0.687,96.58380000000001,1.4543562716458367,0.006527631380816142,0.007000000000000006,0.0025000000000000022,0.8299999999999983,63.366,0.6738000000000001,0.42074,2.943965013379102,0.010256705123967444,0.01392939338234059,67.66
2,3,223.9,0.4369,67.66,0.694,97.82191,1.445786432160804,0.006457286432160804,0.006999999999999895,0.003400000000000014,1.25,64.68199999999999,0.6786000000000001,0.42664,3.1313367752447676,0.013221195104831615,0.013088659213227076,68.55
2,3,224.7,0.4391,68.55,0.697,98.66577,1.4393256017505471,0.006405543398978848,0.0030000000000000027,0.0021999999999999797,0.8900000000000006,66.482,0.686,0.43366,1.7062444139103827,0.010222524150131904,0.004514753592389605,66.92
2,3,223.1,0.4342,66.92,0.69,96.87002,1.4475496114763897,0.006488344291691571,-0.007000000000000006,-0.0049000000000000155,-1.6299999999999955,67.024,0.6896,0.43494,1.1408461771862133,0.006580273550547398,0.003134166555879718,67.98
2,3,224.0,0.4375,67.98,0.695,98.0,1.4416004707266843,0.006435716387172698,0.0050000000000000044,0.003300000000000025,1.0600000000000023,67.50399999999999,0.6925999999999999,0.43624,0.8489581850718022,0.004037325847641816,0.002338375504489156,66.14
2,3,222.6,0.4328,66.14,0.685,96.34128,1.4566265497429693,0.006543695192016934,-0.009999999999999898,-0.004699999999999982,-1.8400000000000034,67.45,0.6921999999999999,0.4361,0.9396807968668954,0.004764451699832421,0.002554407954887952,52.44
1,0,229.7,0.4249,95.84,0.982,97.59953,1.0183590358931551,0.004433430717863105,0.11099999999999999,-0.0131,7.5,89.434,0.8916000000000001,0.43468,3.6530644669920718,0.05075726548978213,0.0055128939768510484,96.11
1,0,230.1,0.425,96.11,0.983,97.79249999999999,1.0175059827281239,0.004422016439496411,0.0010000000000000009,9.999999999998899e-05,0.269999999999996,91.184,0.9146000000000001,0.43246,4.425339534996152,0.06216349411029074,0.0068668042057423205,97.02
1,0,231.3,0.4248,97.02,0.988,98.25624,1.0127421150278295,0.0043784786641929505,0.0050000000000000044,-0.00019999999999997797,0.9099999999999966,92.846,0.9372,0.42991999999999997,4.807845671400011,0.06465833279632313,0.006885274141237949,96.52
1,0,230.8,0.4252,96.52,0.985,98.13616,1.0167443016991298,0.004405304600082885,-0.0030000000000000027,0.00040000000000001146,-0.5,94.766,0.9618,0.42758,3.6197486100556295,0.050810431999737914,0.005826834475081587,95.28
1,0,229.5,0.4253,95.28,0.978,97.60635,1.0244159319899244,0.004463685978169605,-0.007000000000000006,9.999999999998899e-05,-1.2399999999999949,96.154,0.9832000000000001,0.42504,0.6611202613742485,0.00370135110465263,0.00020736441353014343,98.12
1,0,232.0,0.4247,98.12,0.997,98.5304,1.0041826335099877,0.004328373420301671,0.019000000000000017,-0.0005999999999999894,2.8400000000000034,96.60999999999999,0.9862,0.425,1.057733425773959,0.007049822692798911,0.0002549509756770575,97.46
1,0,231.6,0.4251,97.46,0.991,98.45316,1.010190437102401,0.004361789452082905,-0.006000000000000005,0.00039999999999995595,-0.6600000000000108,96.88,0.9878,0.42501999999999995,1.0704204781297322,0.007049822692798504,0.00025884358210836534,95.92
1,0,230.2,0.4249,95.92,0.985,97.81197999999999,1.0197245621351125,0.004429733110925771,-0.006000000000000005,-0.00019999999999997797,-1.539999999999992,96.66,0.9872,0.42504,1.1449017425087216,0.0071554175279922635,0.00024083189157314683,95.61
1,0,229.9,0.4254,95.61,0.98,97.79946,1.022899905867587,0.004449325384374019,-0.0050000000000000044,0.0005000000000000004,-0.3100000000000023,96.478,0.9862,0.42508,1.2410157130349013,0.007854934754655988,0.0002863564212632808,96.88
1,0,231.1,0.425,96.88,0.989,98.2175,1.0138057390586293,0.004386870355078448,0.009000000000000008,-0.00040000000000001146,1.269999999999996,96.798,0.9884000000000001,0.42501999999999995,1.0458106903256896,0.006387487769060284,0.000258843582108365,98.44
1,0,232.3,0.4248,98.44,0.999,98.68104000000001,1.0024485981308413,0.004315318976026006,0.010000000000000009,-0.00019999999999997797,1.5600000000000023,96.862,0.9888000000000001,0.42504,1.1513991488617183,0.0070851958335598235,0.00023021728866160683,96.31
1,0,230.4,0.4252,96.31,0.984,97.96608,1.0171953068217217,0.004414910185858167,-0.015000000000000013,0.00040000000000001146,-2.1299999999999955,96.632,0.9874,0.42506000000000005,1.1164094231058366,0.007231873892698771,0.0002408318915731683,95.18
1,0,229.6,0.425,95.18,0.977,97.58,1.0252153813826432,0.0044652237865097704,-0.007000000000000006,-0.00020000000000003348,-1.1299999999999955,96.48400000000001,0.9858,0.42508,1.2725289780588562,0.008642916174527152,0.00022803508501701418,97.95
1,0,231.8,0.4247,97.95,0.997,98.44546000000001,1.0050582950484943,0.004335885655946912,0.020000000000000018,-0.00029999999999996696,2.769999999999996,96.952,0.9892000000000001,0.42494,1.3007190319202202,0.009121403400787221,0.00019493588689279784,96.73
1,0,230.7,0.4253,96.73,0.986,98.11671,1.0143358833867466,0.004396774527034012,-0.01100000000000001,0.0005999999999999894,-1.2199999999999989,96.922,0.9886000000000001,0.425,1.3045190684690957,0.009235799911209345,0.0002549509756770813,94.92
1,1,230.2,0.4268,94.92,0.965,98.24936,1.0350754319426885,0.004496418036241045,-0.02100000000000002,0.0015000000000000013,-1.8100000000000023,96.218,0.9818000000000001,0.42540000000000006,1.2280757305636907,0.011819475453670347,0.0008154753215142467,95.44
1,1,231.0,0.4272,95.44,0.968,98.6832,1.0339815590947192,0.004476110645431685,0.0030000000000000027,0.00040000000000001146,0.519999999999996,96.04400000000001,0.9786000000000001,0.4258,1.2726075593047352,0.0131643457870084,0.0011247221879196803,93.98
1,1,229.4,0.4265,93.98,0.957,97.8391,1.0410629921259842,0.004538199616939774,-0.01100000000000001,-0.0007000000000000339,-1.4599999999999937,95.804,0.9746,0.42610000000000003,1.557539726620022,0.01641036257978289,0.0010559356040966065,96.08
1,1,232.1,0.427,96.08,0.972,99.10669999999999,1.0315018734388008,0.00444421315570358,0.015000000000000013,0.0005000000000000004,2.0999999999999943,95.43,0.9696,0.42656,1.0577334257739979,0.010691117808721121,0.0007503332592914851,95.63
1,1,230.8,0.4269,95.63,0.97,98.52852,1.0303097354386699,0.004464080309526299,-0.0020000000000000018,-9.999999999998899e-05,-0.45000000000000284,95.21000000000001,0.9664000000000001,0.42688,0.803616824114337,0.005856620185735451,0.00025884358210913707,94.36
1,1,229.9,0.4276,94.36,0.959,98.30524,1.0418105129292072,0.004531581178465451,-0.01100000000000001,0.0006999999999999784,-1.269999999999996,95.098,0.9652000000000001,0.42704,0.8886619154659557,0.00676017751245985,0.00040373258476265856,95.81
1,1,231.5,0.4271,95.81,0.971,98.87365,1.0319763072748147,0.004457781024945204,0.01200000000000001,-0.0005000000000000004,1.4500000000000028,95.172,0.9658000000000001,0.42702,0.9382803419019383,0.007190271204896656,0.0003962322551220783,94.72
1,1,230.1,0.4267,94.72,0.964,98.18367,1.0365674619932432,0.004504856418918919,-0.007000000000000006,-0.00039999999999995595,-1.0900000000000034,95.32,0.9672000000000001,0.42706,0.7408441131571551,0.00554075807087456,0.0003361547262781439,94.05
1,1,229.7,0.4278,94.05,0.954,98.26566,1.0448236044657098,0.004548644338118022,-0.010000000000000009,0.0010999999999999899,-0.6700000000000017,94.914,0.9635999999999999,0.42722,0.7756481160936529,0.007231873892703938,0.0004658325879532386,95.66
1,1,231.2,0.4273,95.66,0.968,98.79176,1.0327384486723814,0.004466861802216182,0.014000000000000012,-0.0005000000000000004,1.6099999999999994,94.91999999999999,0.9632000000000002,0.42730000000000007,0.7826557353010537,0.006833739825306064,0.00043011626335125554,91.76
1,2,230.0,0.4302,91.76,0.926,98.94600000000001,1.0783129904097646,0.004688317349607672,-0.041999999999999926,0.0029000000000000137,-3.8999999999999915,94.4,0.9566000000000001,0.42782,1.6408991437622384,0.01827019430657467,0.0013881642554105314,92.54
1,2,231.4,0.4311,92.54,0.929,99.75654,1.0779829263021397,0.004658526042792306,0.0030000000000000027,0.0008999999999999564,0.7800000000000011,93.746,0.9482000000000002,0.42862,1.5892702727980779,0.01960102038160307,0.0019201562436426212,90.88
1,2,229.8,0.4308,90.88,0.917,98.99784000000001,1.0893248239436621,0.004740316901408451,-0.01200000000000001,-0.00029999999999996696,-1.6600000000000108,92.978,0.9388,0.42944000000000004,1.8986363527541879,0.021323695739717558,0.0017643695757975659,93.14
1,2,232.0,0.4315,93.14,0.933,100.108,1.0748121108009447,0.004632810822417866,0.016000000000000014,0.0006999999999999784,2.260000000000005,92.796,0.9346000000000002,0.43018,1.811816767777508,0.019578048932415677,0.0016783920876840169,91.92
1,2,230.6,0.4309,91.92,0.925,99.36554,1.0810002175805047,0.004687771975630983,-0.008000000000000007,-0.0005999999999999894,-1.2199999999999989,92.048,0.9260000000000002,0.4309,0.8511874059217543,0.005916079783107378,0.0004743416490258305,90.51
1,2,229.5,0.4318,90.51,0.912,99.0981,1.0948856479946967,0.004770743564247044,-0.013000000000000012,0.0009000000000000119,-1.4099999999999966,91.798,0.9232000000000001,0.43122,1.1031862943310256,0.008613942186949084,0.00042071367936001916,92.81
1,2,231.7,0.4312,92.81,0.931,99.90904,1.0764900334015732,0.0046460510720827495,0.019000000000000017,-0.0005999999999999894,2.299999999999997,91.852,0.9236000000000001,0.43124,1.154023396643159,0.008988882021703254,0.0004159326868624891,91.31
1,2,230.2,0.4306,91.31,0.921,99.12411999999999,1.0855779213667724,0.0047158033074143025,-0.010000000000000009,-0.0006000000000000449,-1.5,91.93800000000002,0.9244000000000001,0.4312,1.0769261813141155,0.008414273587190841,0.00047434164902594543,87.04
1,3,229.4,0.4359,87.04,0.869,99.99546000000001,1.1488448988970588,0.0050080422794117644,-0.052000000000000046,0.005300000000000027,-4.269999999999996,90.718,0.9116000000000002,0.43208,2.2216367839950557,0.02479516081819474,0.0021810547906920843,88.22
1,3,231.2,0.4368,88.22,0.873,100.98816,1.1447309000226706,0.004951258218091136,0.0040000000000000036,0.0009000000000000119,1.1799999999999926,89.97800000000001,0.9012,0.43326000000000003,2.3345170806828466,0.028411265371330645,0.002870191631233214,87.36
1,3,230.0,0.4361,87.36,0.868,100.303,1.1481570512820514,0.004991987179487179,-0.0050000000000000044,-0.0007000000000000339,-0.8599999999999994,89.348,0.8924000000000001,0.43412000000000006,2.568378866133268,0.030932183886693134,0.0029659737018391287,88.71
1,3,232.1,0.4375,88.71,0.875,101.54375,1.1446708375605907,0.004931800247999099,0.007000000000000006,0.0014000000000000123,1.3499999999999943,88.528,0.8812000000000001,0.43538,1.6915880113077348,0.022432119828501063,0.002745359721421121,86.92
1,3,229.8,0.4369,86.92,0.862,100.39962000000001,1.155080763920847,0.0050264611136677404,-0.013000000000000012,-0.0005999999999999894,-1.789999999999992,87.65,0.8694000000000001,0.43664,0.7806407624510117,0.0050299105360100994,0.0006465291950108979,88.34
1,3,231.5,0.438,88.34,0.871,101.397,1.1478039393253339,0.0049581163685759565,0.009000000000000008,0.0010999999999999899,1.4200000000000017,87.91,0.8698,0.43705999999999995,0.7422263805605986,0.005069516742280688,0.0007231873892716055,94.15
0,0,229.4,0.0401,6.88,0.746,9.19894,1.3370552325581395,0.005828488372093023,-0.11499999999999999,-0.006500000000000006,-2.4400000000000004,8.56,0.8235999999999999,0.04496,0.9827766785999783,0.046306587004442554,0.002736421020237942,7.11
0,0,230.7,0.0402,7.11,0.766,9.27414,1.3043797468354428,0.005654008438818565,0.020000000000000018,0.00010000000000000286,0.23000000000000043,8.276,0.8134,0.043859999999999996,1.1791649587737936,0.0532240547121318,0.003391607288587524,7.18
0,0,231.2,0.0401,7.18,0.773,9.271119999999998,1.291242339832869,0.005584958217270195,0.007000000000000006,-0.00010000000000000286,0.0699999999999994,7.890000000000001,0.7979999999999999,0.04262,1.1535163631262448,0.05108326536156422,0.0034098387058627807,6.82
0,0,228.8,0.04,6.82,0.745,9.152000000000001,1.3419354838709678,0.005865102639296188,-0.028000000000000025,-9.999999999999593e-05,-0.35999999999999943,7.462000000000001,0.7782,0.0414,1.0495808687280814,0.04788214698611554,0.002907748269709722,7.24
0,0,232.0,0.0402,7.24,0.776,9.3264,1.2881767955801104,0.005552486187845303,0.031000000000000028,0.0001999999999999988,0.41999999999999993,7.046000000000001,0.7612,0.04012,0.18595698427321772,0.014788509052638149,8.366600265208514e-05,6.95
0,0,229.1,0.0401,6.95,0.756,9.18691,1.3218575539568345,0.00576978417266187,-0.020000000000000018,-0.00010000000000000286,-0.29000000000000004,7.0600000000000005,0.7632,0.04012,0.17248188310657406,0.012755391017133194,8.366600265208514e-05,7.08
0,0,230.5,0.0402,7.08,0.764,9.2661,1.308771186440678,0.005677966101694915,0.008000000000000007,0.00010000000000000286,0.1299999999999999,7.054,0.7628,0.04012,0.17082154430864338,0.012676750372235063,8.366600265208514e-05,7.33
0,0,233.1,0.0402,7.33,0.781,9.370619999999999,1.2783929058663026,0.00548431105047749,0.017000000000000015,0.0,0.25,7.0840000000000005,0.7644,0.040139999999999995,0.20767763480931245,0.014638989036131015,8.944271909876339e-05,6.91
0,0,227.9,0.0403,6.91,0.754,9.184370000000001,1.3291418234442838,0.005832127351664255,-0.027000000000000024,0.00010000000000000286,-0.41999999999999993,7.102000000000001,0.7662,0.0402,0.1813008549345268,0.011966620241319857,7.071067811713561e-05,7.15
0,0,231.4,0.0402,7.15,0.769,9.30228,1.3010181818181816,0.005622377622377622,0.015000000000000013,-0.00010000000000000286,0.2400000000000002,7.0840000000000005,0.7647999999999999,0.0402,0.16816658407659393,0.010894952959970249,7.071067811713561e-05,6.74
0,0,230.2,0.0401,6.74,0.729,9.23102,1.3695875370919879,0.005949554896142433,-0.040000000000000036,-0.00010000000000000286,-0.41000000000000014,7.042,0.7594000000000001,0.0402,0.2262078690054564,0.01957804893241302,7.071067811713561e-05,7.29
0,0,232.4,0.0403,7.29,0.776,9.365720000000001,1.284735253772291,0.005528120713305899,0.04700000000000004,0.00020000000000000573,0.5499999999999998,7.0840000000000005,0.7618,0.04022,0.25294268125405434,0.020969024774651804,8.366600265213283e-05,7.03
0,0,229.7,0.0402,7.03,0.76,9.233939999999999,1.3135049786628732,0.005718349928876244,-0.016000000000000014,-0.00010000000000000286,-0.2599999999999998,7.024000000000001,0.7576,0.04022,0.21232051243341882,0.018063775906491875,8.366600265213283e-05,7.17
0,0,230.8,0.04,7.17,0.777,9.232000000000001,1.287587168758717,0.005578800557880056,0.017000000000000015,-0.0001999999999999988,0.13999999999999968,7.0760000000000005,0.7622,0.040159999999999994,0.20923670806048827,0.01976613265158263,0.00011401754250895938,7.06
0,0,231.6,0.0401,7.06,0.759,9.287159999999998,1.3154617563739375,0.005679886685552408,-0.018000000000000016,9.999999999999593e-05,-0.11000000000000032,7.058,0.7602,0.040139999999999995,0.20510972673179065,0.019408760908413474,0.00011401754250895329,7.22
0,1,229.8,0.0411,7.22,0.762,9.44478,1.3081412742382272,0.005692520775623268,0.0030000000000000027,0.0010000000000000009,0.16000000000000014,7.154000000000001,0.7668,0.04034,0.10876580344938713,0.008927485648264266,0.0004393176527295415,7.41
0,1,231.0,0.0413,7.41,0.775,9.5403,1.2874898785425102,0.0055735492577597846,0.013000000000000012,0.00020000000000000573,0.1900000000000004,7.178,0.7666000000000001,0.04054,0.15122830422903955,0.008677557259964594,0.0006107372593839408,7.34
0,1,230.2,0.0415,7.34,0.768,9.5533,1.3015395095367848,0.005653950953678474,-0.007000000000000006,0.0001999999999999988,-0.07000000000000028,7.24,0.7682,0.040799999999999996,0.13838352503094978,0.007854934754659988,0.0006999999999998721,7.58
0,1,232.1,0.0412,7.58,0.793,9.56252,1.26154617414248,0.005435356200527704,0.025000000000000022,-0.00030000000000000165,0.2400000000000002,7.322,0.7714,0.04104,0.196010203816006,0.013538833036859852,0.0005458937625580924,7.08
0,1,228.9,0.0414,7.08,0.747,9.47646,1.3384830508474574,0.005847457627118644,-0.04600000000000004,0.0001999999999999988,-0.5,7.3260000000000005,0.7689999999999999,0.0413,0.18942016788080462,0.016926310879809777,0.00015811388300790492,7.49
0,1,230.7,0.0416,7.49,0.781,9.597119999999999,1.2813244325767688,0.005554072096128171,0.03400000000000003,0.0001999999999999988,0.41000000000000014,7.38,0.7727999999999999,0.041400000000000006,0.19013153341829597,0.01709385854627237,0.00015811388300791343,7.63
0,1,231.8,0.0415,7.63,0.795,9.619700000000002,1.2607732634338142,0.00543905635648755,0.014000000000000012,-9.999999999999593e-05,0.13999999999999968,7.424000000000001,0.7768,0.04144,0.2216528817768739,0.01985447052932843,0.00015165750888050962,7.18
0,1,229.6,0.0413,7.18,0.756,9.48248,1.3206796657381616,0.0057520891364902516,-0.039000000000000035,-0.0001999999999999988,-0.4500000000000002,7.392,0.7744000000000001,0.041400000000000006,0.2469210400107546,0.021812840255225143,0.00015811388300791186,7.52
0,1,230.4,0.0417,7.52,0.783,9.60768,1.2776170212765958,0.0055452127659574475,0.027000000000000024,0.0003999999999999976,0.33999999999999986,7.38,0.7724,0.041499999999999995,0.23674881203501863,0.020069877926882602,0.00015811388300792888,7.66
0,1,232.3,0.0414,7.66,0.796,9.61722,1.2555117493472585,0.005404699738903394,0.013000000000000012,-0.00030000000000000165,0.14000000000000057,7.496,0.7822000000000001,0.041499999999999995,0.19060430215499707,0.0161462069849229,0.00015811388300792888,7.96
0,2,229.5,0.0428,7.96,0.81,9.8226,1.2339949748743717,0.005376884422110552,0.014000000000000012,0.0013999999999999985,0.2999999999999998,7.589999999999999,0.788,0.04174,0.2812472222084942,0.02028546277510018,0.0006107372593839807,8.22
0,2,231.2,0.0431,8.22,0.824,9.96472,1.2122530413625303,0.005243309002433089,0.013999999999999901,0.00030000000000000165,0.2600000000000007,7.708,0.7938000000000001,0.04206,0.4006494727314577,0.026099808428415236,0.0008324662155306194,8.04
0,2,230.1,0.043,8.04,0.812,9.8943,1.230634328358209,0.005348258706467662,-0.0119999999999999,-0.00010000000000000286,-0.1800000000000015,7.88,0.805,0.04239999999999999,0.285306852353735,0.015811388300841174,0.0007905694150420248,8.41
0,2,232.4,0.0434,8.41,0.834,10.086160000000001,1.199305588585018,0.005160523186682521,0.02199999999999991,0.0004000000000000045,0.370000000000001,8.058,0.8152000000000001,0.04274,0.2821701614274566,0.014463747785410914,0.0007797435475846579,7.81
0,2,228.7,0.0429,7.81,0.795,9.81123,1.2562394366197185,0.005492957746478873,-0.038999999999999924,-0.0005000000000000004,-0.6000000000000005,8.088,0.8150000000000001,0.04304,0.2329592238997999,0.014798648586948016,0.00023021728866425844,8.28
0,2,231.0,0.0432,8.28,0.83,9.9792,1.205217391304348,0.0052173913043478265,0.03499999999999992,0.00030000000000000165,0.46999999999999975,8.152000000000001,0.819,0.043120000000000006,0.2329592238998006,0.015779733838058866,0.0001923538406165206,8.37
0,2,230.6,0.0435,8.37,0.834,10.031099999999999,1.1984587813620071,0.005197132616487455,0.0040000000000000036,0.0002999999999999947,0.08999999999999986,8.182,0.8210000000000001,0.0432,0.25272514714605976,0.017146428199481683,0.00025495097567949774,7.99
0,2,229.4,0.0431,7.99,0.806,9.88714,1.237439299123905,0.00539424280350438,-0.027999999999999914,-0.0003999999999999976,-0.379999999999999,8.172,0.8198000000000001,0.043219999999999995,0.2606146580681858,0.018116291011130842,0.00023874672772611588,8.74
0,3,229.9,0.0455,8.74,0.836,10.46045,1.1968478260869564,0.005205949656750572,0.029999999999999916,0.0023999999999999994,0.75,8.238,0.8202,0.04364,0.35912393403948695,0.018525657883054533,0.001062073443788113,9.05
0,3,231.6,0.0462,9.05,0.847,10.699919999999999,1.1823116022099445,0.005104972375690607,0.01100000000000001,0.0006999999999999992,0.3100000000000005,8.486,0.8306000000000001,0.0443,0.4136786192202824,0.015126136320950754,0.0014439529078193528,8.92
0,3,230.8,0.046,8.92,0.841,10.6168,1.1902242152466367,0.00515695067264574,-0.006000000000000005,-0.0001999999999999988,-0.13000000000000078,8.614,0.8328,0.04486,0.4325852517134631,0.015801898620102162,0.0014536161804272769,9.28
0,3,232.7,0.0465,9.28,0.857,10.820549999999999,1.1660075431034482,0.005010775862068966,0.016000000000000014,0.0005000000000000004,0.35999999999999943,8.796,0.8374,0.04546,0.49166045193812474,0.01921717981390583,0.0013685759021698472,8.53
0,3,228.8,0.0457,8.53,0.817,10.45616,1.2258100820633062,0.005357561547479484,-0.040000000000000036,-0.0008000000000000021,-0.75,8.904,0.8395999999999999,0.04598,0.28710625210887,0.014859340496805123,0.0003962322551232269,9.11
0,3,231.1,0.0463,9.11,0.85,10.69993,1.1745257958287596,0.005082327113062569,0.03300000000000003,0.0006000000000000033,0.5800000000000001,8.978,0.8423999999999999,0.04614,0.2819042390600085,0.015323185047502194,0.00030495901363961346,8.96
0,3,230.2,0.0461,8.96,0.844,10.61222,1.1843995535714285,0.005145089285714286,-0.006000000000000005,-0.0001999999999999988,-0.14999999999999858,8.959999999999999,0.8417999999999999,0.04612,0.2790161285660782,0.015155856953666277,0.0003033150177621361,9.32
0,3,232.0,0.0466,9.32,0.861,10.811200000000001,1.1600000000000001,0.005,0.017000000000000015,0.0005000000000000004,0.35999999999999943,9.04,0.8458,0.04624,0.31913946794466336,0.017369513522260703,0.00035777087640003765,6.74
2,0,223.1,0.3698,52.44,0.636,82.50238,1.5732719298245614,0.007051868802440886,-0.049000000000000044,-0.063,-13.700000000000003,64.406,0.6806,0.42268,6.753856676003738,0.025363359398944425,0.029667608599278656,52.98
2,0,224.0,0.3705,52.98,0.638,82.992,1.5664779161947906,0.006993204983012458,0.0020000000000000018,0.0006999999999999784,0.5399999999999991,61.291999999999994,0.6688,0.40896,7.863747198378145,0.02925235033292212,0.035470452492179894,52.18
2,0,222.6,0.3692,52.18,0.635,82.18391999999999,1.5750080490609426,0.007075507857416634,-0.0030000000000000027,-0.0013000000000000234,-0.7999999999999972,58.343999999999994,0.6577999999999999,0.39596,7.988346512263973,0.029626002092756225,0.03581693733417181,52.91
2,0,223.8,0.3701,52.91,0.639,82.82838,1.5654579474579475,0.006994896994896995,0.0040000000000000036,0.0009000000000000119,0.7299999999999969,55.33,0.6466000000000001,0.38248,6.052057501379164,0.02152440475367399,0.028133734199355588,51.82
2,0,221.9,0.3695,51.82,0.632,81.99205,1.5822472018525666,0.007130451563103049,-0.007000000000000006,-0.0005999999999999894,-1.0899999999999963,52.465999999999994,0.636,0.36982,0.4901836390574916,0.002738612787520151,0.0005069516742150554,53.16
2,0,224.4,0.3699,53.16,0.642,83.00556,1.5614288939051921,0.0069582392776523705,0.010000000000000009,0.00040000000000001146,1.3399999999999963,52.61,0.6372,0.36984,0.5784461945588837,0.003834057902532325,0.0005079370039576266,52.63
2,0,223.0,0.3706,52.63,0.637,82.6438,1.5702793083792512,0.007041611248337449,-0.0050000000000000044,0.0006999999999999784,-0.529999999999994,52.54,0.637,0.36985999999999997,0.5425403210818985,0.0038078865529280535,0.000541294744099235,52.02
2,0,222.7,0.3694,52.02,0.633,82.26538,1.5814183006535945,0.007101114955786236,-0.0040000000000000036,-0.0011999999999999789,-0.6099999999999994,52.507999999999996,0.6365999999999999,0.3699,0.5729485142660263,0.004159326868613437,0.0004847679857307527,52.96
2,0,223.5,0.3708,52.96,0.639,82.8738,1.5648376132930515,0.007001510574018127,0.006000000000000005,0.0014000000000000123,0.9399999999999977,52.51800000000001,0.6365999999999999,0.37004000000000004,0.5820824683836886,0.004159326868613437,0.0006348228099158741,52.11
2,0,222.2,0.3698,52.11,0.634,82.16956,1.5768482057186721,0.007096526578391864,-0.0050000000000000044,-0.0010000000000000009,-0.8500000000000014,52.576,0.637,0.3701,0.5044105470741578,0.0036742346141707288,0.00058309518947552,53.04
2,0,224.1,0.3702,53.04,0.64,82.96181999999999,1.5641368778280542,0.006979638009049774,0.006000000000000005,0.00039999999999995595,0.9299999999999997,52.552,0.6365999999999999,0.37016,0.471455194053104,0.0030495901363904194,0.0005727128425218893,52.56
2,0,223.3,0.3697,52.56,0.637,82.55401,1.5706622907153729,0.00703386605783866,-0.0030000000000000027,-0.0005000000000000004,-0.4799999999999969,52.538,0.6365999999999999,0.36998,0.4695955706772045,0.0030495901363904194,0.0005403702434345201,51.96
2,0,221.8,0.3704,51.96,0.631,82.15472000000001,1.581114703618168,0.007128560431100847,-0.006000000000000005,0.0007000000000000339,-0.6000000000000014,52.525999999999996,0.6362,0.37018,0.4866004521161582,0.003701351104660205,0.0004494441010732234,53.01
2,0,223.9,0.37,53.01,0.639,82.843,1.56278060743256,0.006979815129220902,0.008000000000000007,-0.00040000000000001146,1.0499999999999972,52.536,0.6362,0.37002,0.4981264899597775,0.003701351104660205,0.00028635642124717953,52.34
2,0,222.5,0.3696,52.34,0.636,82.23599999999999,1.5711883836453953,0.007061520825372564,-0.0030000000000000027,-0.00040000000000001146,-0.6699999999999946,52.58200000000001,0.6365999999999999,0.36998,0.45795196254590764,0.003507135583345727,0.0003346640105979253,55.36
2,1,223.4,0.3828,55.36,0.646,85.51751999999999,1.5447528901734102,0.006914739884393064,0.010000000000000009,0.01319999999999999,3.019999999999996,53.04600000000001,0.6378,0.3725,1.3481394586613267,0.005449770637372833,0.0057662812973345275,55.88
2,1,224.2,0.3835,55.88,0.649,85.9807,1.5386667859699354,0.006862920544022906,0.0030000000000000027,0.0007000000000000339,0.5200000000000031,53.71,0.6401999999999999,0.37526,1.793097877975341,0.007328028384222721,0.007212350518381006,56.02
2,1,222.9,0.3841,56.02,0.653,85.61589000000001,1.5283093538022134,0.006856479828632631,0.0040000000000000036,0.0005999999999999894,0.14000000000000057,54.522000000000006,0.6446,0.378,1.7202964860743288,0.0070213958726153035,0.007500999933341662,56.43
2,1,223.8,0.3848,56.43,0.655,86.11824,1.526107389686337,0.00681906787169945,0.0020000000000000018,0.0006999999999999784,0.4099999999999966,55.206,0.6477999999999999,0.38095999999999997,1.6471733363552497,0.007463243262817007,0.006393199511980854,56.94
2,1,224.5,0.3852,56.94,0.658,86.4774,1.518746048472076,0.006765015806111697,0.0030000000000000027,0.00040000000000001146,0.509999999999998,56.126,0.6522,0.38408,0.5944577360920641,0.004764451699827485,0.0009679876032226476,55.61
2,1,222.7,0.3839,55.61,0.65,85.49453,1.5373948930048553,0.006903434634058623,-0.008000000000000007,-0.0012999999999999678,-1.3299999999999983,56.176,0.6530000000000001,0.3843,0.5197403197748879,0.003674234614173391,0.0006892024375992472,56.21
2,1,223.6,0.3846,56.21,0.654,85.99656,1.5299156733677282,0.006842198896993418,0.0040000000000000036,0.0006999999999999784,0.6000000000000014,56.242,0.6540000000000001,0.38452000000000003,0.49302129771411,0.0029154759474211483,0.0005263078946707833,56.72
2,1,224.1,0.385,56.72,0.657,86.2785,1.5211301128349788,0.0067877291960507765,0.0030000000000000027,0.00040000000000001146,0.509999999999998,56.38199999999999,0.6548,0.38469999999999993,0.5131958690399885,0.0031144823004782573,0.0004999999999928313,55.48
2,1,223.0,0.3834,55.48,0.648,85.4982,1.5410634462869504,0.006910598413842827,-0.009000000000000008,-0.0015999999999999903,-1.240000000000002,56.19199999999999,0.6534000000000001,0.38442000000000004,0.6488990676520554,0.004335896677734676,0.0007563068160427873,55.22
2,1,222.5,0.3829,55.22,0.647,85.19525,1.542833212604129,0.00693408185440058,-0.0010000000000000009,-0.0005000000000000004,-0.259999999999998,55.848,0.6512,0.38396,0.6078404395889637,0.0042071367935911,0.0008561541917159035,58.62
2,2,223.1,0.3998,58.62,0.657,89.19538,1.5215861480723303,0.006820197884680996,0.010000000000000009,0.01689999999999997,3.3999999999999986,56.45,0.6526,0.38714,1.350296263787953,0.004827007354457806,0.0071286744910953005,59.88
2,2,224.6,0.4024,59.88,0.663,90.37903999999999,1.5093360053440212,0.006720106880427521,0.006000000000000005,0.002599999999999991,1.2600000000000051,57.18399999999999,0.6544000000000001,0.3907,2.01907899795915,0.006767569726274893,0.00956974398821582,60.53
2,2,223.8,0.4048,60.53,0.667,90.59424,1.4966832975384106,0.006687592929126053,0.0040000000000000036,0.0024000000000000132,0.6499999999999986,57.946000000000005,0.6564,0.39466,2.469003847708574,0.008876936408468605,0.010656359603541577,61.31
2,2,224.9,0.4069,61.31,0.671,91.51181,1.4926082205186755,0.006636763986299135,0.0040000000000000036,0.0020999999999999908,0.7800000000000011,59.112,0.6610000000000001,0.39936,2.388591635252827,0.009380831519646972,0.009576168336030477,59.14
2,2,222.7,0.4032,59.14,0.658,89.79263999999999,1.5183063916131212,0.006817720662833954,-0.013000000000000012,-0.003699999999999981,-2.1700000000000017,59.896,0.6632,0.40342,1.0725343817331887,0.00593295878967696,0.0026555602045506377,60.09
2,2,223.5,0.4051,60.09,0.664,90.53985,1.5067373939091362,0.00674155433516392,0.006000000000000005,0.0019000000000000128,0.9500000000000028,60.19,0.6646000000000001,0.40448000000000006,0.8029009901599335,0.004827007354459606,0.0017541379649255117,61.08
2,2,224.1,0.4074,61.08,0.67,91.29834,1.4947337917485266,0.006669941060903733,0.006000000000000005,0.0022999999999999687,0.9899999999999949,60.42999999999999,0.666,0.40548,0.8640891157744165,0.00524404424085165,0.0016961721610711988,59.55
2,2,223.0,0.404,59.55,0.66,90.092,1.512879932829555,0.0067842149454240145,-0.010000000000000009,-0.0033999999999999586,-1.5300000000000011,60.234,0.6646000000000001,0.40532,0.9432550026370408,0.005813776741500047,0.0018102486017099763,64.21
2,3,223.4,0.4278,64.21,0.672,95.57052,1.4884055443077404,0.006662513627160879,0.01200000000000001,0.023799999999999988,4.659999999999997,60.814,0.6648,0.4095,2.032714933284995,0.0060991802727913625,0.01035132841716428,65.58
2,3,224.2,0.431,65.58,0.68,96.63019999999999,1.4734705702958217,0.006572125648063434,0.008000000000000007,0.0031999999999999806,1.3700000000000045,62.102,0.6692,0.41506,2.6526156902197293,0.007694153624669566,0.013196514691386977,66.41
2,3,222.8,0.4335,66.41,0.687,96.58380000000001,1.4543562716458367,0.006527631380816142,0.007000000000000006,0.0025000000000000022,0.8299999999999983,63.366,0.6738000000000002,0.42074,2.9439650133790605,0.010256705123967718,0.013929393382340527,67.66
2,3,223.9,0.4369,67.66,0.694,97.82191,1.445786432160804,0.006457286432160804,0.006999999999999895,0.003400000000000014,1.25,64.68199999999999,0.6786,0.42664,3.131336775244728,0.013221195104832054,0.01308865921322701,68.55
2,3,224.7,0.4391,68.55,0.697,98.66577,1.4393256017505471,0.006405543398978848,0.0030000000000000027,0.0021999999999999797,0.8900000000000006,66.482,0.6859999999999999,0.43366000000000005,1.7062444139103103,0.010222524150132873,0.0045147535923894125,66.92
2,3,223.1,0.4342,66.92,0.69,96.87002,1.4475496114763897,0.006488344291691571,-0.007000000000000006,-0.0049000000000000155,-1.6299999999999955,67.024,0.6896,0.43494,1.1408461771861051,0.006580273550549238,0.0031341665558794413,67.98
2,3,224.0,0.4375,67.98,0.695,98.0,1.4416004707266843,0.006435716387172698,0.0050000000000000044,0.003300000000000025,1.0600000000000023,67.50399999999999,0.6926,0.43624,0.8489581850716568,0.004037325847645311,0.0023383755044887847,66.14
2,3,222.6,0.4328,66.14,0.685,96.34128,1.4566265497429693,0.006543695192016934,-0.009999999999999898,-0.004699999999999982,-1.8400000000000034,67.45,0.6921999999999999,0.4361,0.9396807968667641,0.004764451699835337,0.0025544079548876124,51.34
1,0,229.2,0.4247,94.15,0.967,97.34124,1.0338952734997344,0.004510886882634095,0.09599999999999997,-0.013299999999999979,5.810000000000002,89.096,0.8886000000000001,0.43464,2.915995541834728,0.04408287649416952,0.005601606912306602,99.83
1,0,231.7,0.4248,99.83,1.0,98.42616,0.9859376940799358,0.004255233897625965,0.03300000000000003,9.999999999998899e-05,5.679999999999993,91.59,0.915,0.43238000000000004,5.364629530545403,0.06378479442625899,0.006976173736368738,95.74
1,0,230.2,0.4255,95.74,0.978,97.95009999999999,1.0230843952371005,0.0044443283893879255,-0.02200000000000002,0.0006999999999999784,-4.090000000000003,92.99600000000001,0.9356,0.42998000000000003,5.342305682006566,0.06426741009251931,0.0068371777803418925,95.91
1,0,231.0,0.4254,95.91,0.976,98.2674,1.0245792930872692,0.004435408195182984,-0.0020000000000000018,-9.999999999998899e-05,0.1700000000000017,94.79400000000001,0.9583999999999999,0.42767999999999995,4.1704472182248615,0.05034183151217264,0.005779878891464827,96.24
1,0,230.8,0.4248,96.24,0.982,98.04384,1.0187431421446385,0.004413965087281796,0.006000000000000005,-0.0005999999999999894,0.3299999999999983,96.374,0.9806000000000001,0.42504,2.093162678818666,0.012157302332339488,0.00037815340802416274,95.97
1,0,230.6,0.4251,95.97,0.979,98.02806,1.0214448265082838,0.00442950922163176,-0.0030000000000000027,0.00029999999999996696,-0.269999999999996,96.738,0.9830000000000002,0.42512,1.7378060881465769,0.009746794344803805,0.00032710854467639974,96.58
1,0,231.5,0.4247,96.58,0.982,98.31805,1.017995961896873,0.004397390764133361,0.0030000000000000027,-0.00039999999999995595,0.6099999999999994,96.088,0.9794,0.42510000000000003,0.32858788778557063,0.0026076809620638832,0.00035355339059369947,96.57
1,0,230.7,0.4252,96.57,0.984,98.09364,1.0157775706741223,0.004403023713368541,0.0020000000000000018,0.0005000000000000004,-0.010000000000005116,96.25399999999999,0.9806000000000001,0.42504,0.31832373458377083,0.0031304951684847904,0.00028809720581825335,96.16
1,0,229.9,0.4255,96.16,0.983,97.82245,1.0172883735440932,0.004424916805324459,-0.0010000000000000009,0.00029999999999996696,-0.4099999999999966,96.304,0.982,0.42505999999999994,0.266139061393386,0.0018708286933608298,0.00032093613071807056,97.39
1,0,230.9,0.425,97.39,0.992,98.1325,1.0076239860355272,0.00436389773077318,0.009000000000000008,-0.0005000000000000004,1.230000000000004,96.53399999999999,0.984,0.42510000000000003,0.5463789893465258,0.004847679857405609,0.0002915475947427787,97.11
1,0,231.4,0.4248,97.11,0.988,98.29872,1.0122409638554217,0.004374420759962929,-0.0040000000000000036,-0.00019999999999997797,-0.28000000000000114,96.762,0.9858,0.42504,0.4867956450085726,0.004147288270652348,0.00032093613071805483,96.34
1,0,230.6,0.4249,96.34,0.983,97.98194,1.0170431804027402,0.004410421424122898,-0.0050000000000000044,9.999999999998899e-05,-0.769999999999996,96.71400000000001,0.986,0.42508,0.5199326879503869,0.003937003936991921,0.0002774887385107624,98.5
1,0,232.2,0.4252,98.5,0.998,98.73144,1.0023496446700508,0.004316751269035533,0.015000000000000013,0.00030000000000002247,2.1599999999999966,97.1,0.9888,0.42508,0.9361356739272848,0.0063796551630853375,0.0002774887385107624,98.08
1,0,230.4,0.4249,98.08,1.0,97.89696,0.9981337683523656,0.0043321778140293634,0.0020000000000000018,-0.00030000000000002247,-0.4200000000000017,97.48400000000001,0.9922000000000001,0.42496,0.8433445322045221,0.007014271166690881,0.00015165750888186406,98.92
1,0,231.8,0.4253,98.92,1.0,98.58454,0.9966087747674889,0.004299433885968459,0.0,0.00040000000000001146,0.8400000000000034,97.79,0.9938,0.42502000000000006,1.0523782589921034,0.007823042886234624,0.0002167948338874264,98.84
1,0,232.0,0.4247,98.84,1.0,98.5304,0.9968676649129906,0.0042968433832456495,0.0,-0.0005999999999999894,-0.0799999999999983,98.136,0.9962,0.425,1.0572984441486872,0.007429670248393182,0.0002449489742788692,97.86
1,0,230.5,0.4248,97.86,1.0,97.9164,1.000576333537707,0.0043408951563458,0.0,9.999999999998899e-05,-0.980000000000004,98.44000000000001,0.9996,0.42498,0.4636809247739423,0.0008944271909152352,0.0002588435821114085,99.62
1,0,232.3,0.4255,99.62,1.0,98.84365,0.9922068861674361,0.004271230676570969,0.0,0.0006999999999999784,1.7600000000000051,98.66400000000002,1.0,0.42504,0.7067389900091854,0.0,0.0003435112807467502,98.82
1,0,230.2,0.4256,98.82,1.0,97.97312,0.9914300748836268,0.00430682048168387,0.0,9.999999999998899e-05,-0.8000000000000114,98.812,1.0,0.42518,0.6268333111754614,0.0,0.0004086563348344225,96.5
1,0,229.0,0.4251,96.5,0.991,97.3479,1.0087865284974094,0.004405181347150259,-0.009000000000000008,-0.0005000000000000004,-2.319999999999993,98.328,0.9982000000000001,0.42514,1.197296955646015,0.004024922359481271,0.0004037325847640893,96.88
1,0,230.9,0.425,96.88,0.986,98.1325,1.0129283649876135,0.004386870355078448,-0.0050000000000000044,-9.999999999998899e-05,0.37999999999999545,97.936,0.9954000000000001,0.42519999999999997,1.3038711592788716,0.006542170893507741,0.00033911649915672364,97.22
1,0,231.2,0.4251,97.22,0.989,98.28312,1.0109351985188233,0.0043725570870191315,0.0030000000000000027,9.999999999998899e-05,0.3400000000000034,97.80799999999999,0.9932000000000001,0.42526,1.3439940476055807,0.006457553716374778,0.0002701851217227356,95.84
1,0,229.8,0.4249,95.84,0.981,97.64202,1.0188023789649416,0.004433430717863105,-0.008000000000000007,-0.00019999999999997797,-1.3799999999999955,97.05199999999999,0.9894000000000001,0.42514,1.1132475016811105,0.0070213958726079604,0.000270185121722694,96.91
1,0,230.4,0.4252,96.91,0.988,97.96608,1.010897533794242,0.004387576101537509,0.007000000000000006,0.00030000000000002247,1.0699999999999932,96.66999999999999,0.9870000000000001,0.42506000000000005,0.5296225070739049,0.003807886552916524,0.00011401754251121225,97.41
1,0,231.6,0.4248,97.41,0.991,98.38368,1.009995688327687,0.004360948567908839,0.0030000000000000027,-0.00040000000000001146,0.5,96.852,0.9870000000000001,0.425,0.6072643575900365,0.003807886552916524,0.00015811388300929997,95.11
1,1,229.8,0.4262,95.11,0.972,97.94076000000001,1.0297630112501315,0.004481127115970982,-0.019000000000000017,0.0014000000000000123,-2.299999999999997,96.498,0.9842000000000001,0.42523999999999995,0.9851751113377044,0.007791020472305944,0.0005594640292283157,94.88
1,1,230.5,0.4268,94.88,0.965,98.37740000000001,1.0368612984822936,0.004498313659359191,-0.007000000000000006,0.0005999999999999894,-0.23000000000000398,96.03,0.9794,0.42557999999999996,1.104966062826946,0.010876580344938535,0.0008786353054598503,95.46
1,1,231.2,0.4271,95.46,0.967,98.74551999999998,1.034417766603813,0.004474125288078777,0.0020000000000000018,0.00029999999999996696,0.5799999999999983,95.954,0.9766000000000001,0.42602,1.1339885360969422,0.01209545369136316,0.0009959919678394437,94.17
1,1,230.1,0.4265,94.17,0.958,98.13765,1.0421328448550493,0.0045290432197090365,-0.009000000000000008,-0.0005999999999999894,-1.289999999999992,95.40599999999999,0.9705999999999999,0.42628000000000005,1.2156191837904227,0.012461942063736535,0.0008927485648270745,93.82
1,1,229.4,0.4274,93.82,0.954,98.04556000000001,1.0450390108718826,0.004555531869537412,-0.0040000000000000036,0.0009000000000000119,-0.3500000000000085,94.68799999999999,0.9632000000000002,0.42679999999999996,0.6768825599757358,0.007190271204895179,0.00047434164902637434,95.63
1,1,231.0,0.4268,95.63,0.971,98.5908,1.030960995503503,0.004463034612569278,0.017000000000000015,-0.0005999999999999894,1.8100000000000023,94.79199999999999,0.9630000000000001,0.42691999999999997,0.7886507465280829,0.006892024376041135,0.00034205262753139693,96.11
1,1,232.1,0.427,96.11,0.972,99.10669999999999,1.0311798980335032,0.0044428259286234525,0.0010000000000000009,0.00019999999999997797,0.480000000000004,95.03799999999998,0.9644,0.42696000000000006,0.9892775141482273,0.008018728078688137,0.0003361547262811497,94.56
1,1,229.9,0.4267,94.56,0.962,98.09833,1.0374188874788495,0.004512478849407783,-0.010000000000000009,-0.00029999999999996696,-1.5499999999999972,94.85799999999999,0.9634,0.42688,0.9750743561387017,0.00792464510246006,0.00034205262753136197,91.55
1,2,229.2,0.4292,91.55,0.93,98.37264,1.0745236482796288,0.004688148552703441,-0.03199999999999992,0.0025000000000000022,-3.010000000000005,94.334,0.9578,0.42742,1.7958090098892296,0.017181385275930418,0.0010305338422397518,92.83
1,2,230.8,0.4301,92.83,0.936,99.26708,1.0693426693956696,0.004633200473984703,0.006000000000000005,0.0008999999999999564,1.2800000000000011,94.136,0.9542000000000002,0.42796,1.9171280604068524,0.019854470529328334,0.0015789236840334302,93.24
1,2,231.4,0.4297,93.24,0.939,99.43258,1.066415486915487,0.004608537108537109,0.0029999999999998916,-0.00039999999999995595,0.4099999999999966,93.65799999999999,0.9478000000000002,0.42854000000000003,1.741398862983251,0.01817140610959934,0.0015789236840335322,91.04
1,2,230.1,0.4308,91.04,0.918,99.12708,1.088829964850615,0.004731985940246045,-0.020999999999999908,0.0010999999999999899,-2.1999999999999886,92.644,0.937,0.4293,1.399153315401637,0.01612451549659741,0.0015668439615999922,90.87
1,2,229.7,0.431,90.87,0.916,99.0007,1.0894761747551447,0.004743039506988005,-0.0020000000000000018,0.00019999999999997797,-0.1700000000000017,91.906,0.9278000000000002,0.43016,1.0704344912228028,0.010401922899158221,0.0007503332592939552,92.76
1,2,231.2,0.4302,92.76,0.933,99.46224,1.072253557567917,0.004637774902975421,0.017000000000000015,-0.0007999999999999674,1.8900000000000006,92.148,0.9284000000000001,0.43036,1.10601537059817,0.01064424727258958,0.0005319774431334129,87.12
1,3,228.8,0.4348,87.12,0.876,99.48224,1.14189898989899,0.004990817263544536,-0.05700000000000005,0.004599999999999993,-5.640000000000001,91.006,0.9164000000000001,0.43130000000000007,2.4076918407469585,0.024602845363901713,0.0020223748416164423,88.41
1,3,230.5,0.4351,88.41,0.882,100.29055,1.134380160615315,0.004921388983146703,0.006000000000000005,0.00029999999999996696,1.289999999999992,90.04,0.905,0.43238000000000004,2.2511441535360524,0.02471841418861836,0.0023668544526446005,86.95
1,3,231.0,0.436,86.95,0.863,100.716,1.1583208740655548,0.0050143760782058655,-0.019000000000000017,0.0009000000000000119,-1.4599999999999937,89.22200000000001,0.8940000000000001,0.43342,2.5235431440733445,0.029300170647969227,0.002627165773224825,87.32
1,3,229.6,0.4354,87.32,0.872,99.96784,1.1448447091158955,0.004986257443884563,0.009000000000000008,-0.0005999999999999894,0.36999999999999034,88.512,0.8852,0.4343,2.4420421781778514,0.02759891302207642,0.002334523505986671,88.26
0,0,228.6,0.0401,6.74,0.735,9.16686,1.3600682492581602,0.005949554896142433,-0.126,-0.006500000000000006,-2.58,8.532,0.8214,0.04496,1.0427703486386635,0.0509440869974129,0.002736421020237933,6.84
0,0,229.8,0.0401,6.84,0.742,9.214979999999999,1.347219298245614,0.005862573099415205,0.007000000000000006,0.0,0.09999999999999964,8.193999999999999,0.8064,0.043840000000000004,1.2885185291644041,0.06233217467728812,0.003418771709254652,7.12
0,0,230.4,0.0401,7.12,0.77,9.23904,1.2976179775280898,0.005632022471910112,0.028000000000000025,0.0,0.28000000000000025,7.796000000000001,0.7904,0.0426,1.2413218760659939,0.05849187977830718,0.0034278273002005116,7.21
0,0,231.3,0.0402,7.21,0.776,9.29826,1.2896338418862692,0.005575589459084605,0.006000000000000005,0.00010000000000000286,0.08999999999999986,7.446000000000001,0.7767999999999999,0.04142,1.0653074673539078,0.05023644095673902,0.002896031767781542,6.89
0,0,231.0,0.04,6.89,0.745,9.24,1.3410740203193035,0.005805515239477504,-0.031000000000000028,-0.0001999999999999988,-0.3200000000000003,6.959999999999999,0.7536,0.0401,0.19735754355989427,0.018201648277007848,7.071067811741841e-05,7.16
0,0,225.8,0.0402,7.16,0.789,9.077160000000001,1.2677597765363129,0.0056145251396648044,0.04400000000000004,0.0001999999999999988,0.27000000000000046,7.044,0.7644,0.04012,0.1674216234540686,0.02030517175499664,8.366600265236625e-05,7.34
0,0,233.4,0.0402,7.34,0.782,9.38268,1.2782942779291555,0.005476839237057221,-0.007000000000000006,0.0,0.17999999999999972,7.144,0.7724,0.040139999999999995,0.1644080290010076,0.016861198059447625,8.944271909902034e-05,7.09
0,0,230.3,0.0402,7.09,0.766,9.25806,1.3057912552891398,0.005669957686882934,-0.016000000000000014,0.0,-0.25,7.138,0.7716,0.040159999999999994,0.16604216332003185,0.0170967833231845,8.944271909902333e-05,7.34
0,0,236.6,0.0403,7.34,0.771,9.534980000000001,1.2990435967302454,0.005490463215258856,0.0050000000000000044,0.00010000000000000286,0.25,7.164,0.7706000000000001,0.04018000000000001,0.18875910574061358,0.016920401886477716,0.00010954451150024646,6.59
0,0,230.1,0.0402,6.59,0.712,9.25002,1.4036449165402123,0.0061001517450682856,-0.05900000000000005,-0.00010000000000000286,-0.75,7.103999999999999,0.764,0.04022,0.3077823906593686,0.030438462510447403,4.472135954808463e-05,7.23
0,0,232.9,0.0402,7.23,0.772,9.36258,1.2949626556016596,0.0055601659751037345,0.06000000000000005,0.0,0.6400000000000006,7.117999999999999,0.7605999999999999,0.04022,0.3125219992256484,0.027781288667013054,4.472135954808463e-05,7.03
0,0,230.8,0.0402,7.03,0.758,9.27816,1.3197951635846372,0.005718349928876244,-0.014000000000000012,0.0,-0.20000000000000018,7.056,0.7558,0.04022,0.2871933146854157,0.025103784575236914,4.472135954808463e-05,7.07
0,0,231.0,0.0403,7.07,0.761,9.3093,1.3167326732673268,0.005700141442715701,0.0030000000000000027,0.00010000000000000286,0.040000000000000036,7.052,0.7548,0.04024,0.28674030062060724,0.024692104001074956,5.477225574896357e-05,7.15
0,0,225.6,0.0403,7.15,0.787,9.09168,1.2715636363636362,0.005636363636363636,0.026000000000000023,0.0,0.08000000000000007,7.014,0.758,0.04024,0.2491585840383516,0.02811583183901742,5.477225574896357e-05,7.18
0,0,232.1,0.0403,7.18,0.768,9.35363,1.3027339832869083,0.0056128133704735385,-0.019000000000000017,0.0,0.02999999999999936,7.132,0.7692,0.040260000000000004,0.08136338242720881,0.011388590782002727,5.477225574897133e-05,7.18
0,0,231.5,0.0401,7.18,0.775,9.28315,1.2929178272980502,0.005584958217270195,0.007000000000000006,-0.00020000000000000573,0.0,7.122,0.7698,0.040240000000000005,0.06833739825305167,0.011649034294735263,8.944271909904199e-05,7.22
0,0,232.5,0.04,7.22,0.775,9.3,1.28808864265928,0.00554016620498615,0.0,-9.999999999999593e-05,0.040000000000000036,7.159999999999999,0.7732,0.0402,0.056124860801575506,0.009654014708913729,0.00014142135623670333,7.36
0,0,230.3,0.04,7.36,0.799,9.212000000000002,1.2516304347826088,0.005434782608695652,0.02400000000000002,0.0,0.14000000000000057,7.217999999999999,0.7808,0.040139999999999995,0.08318653737231989,0.012255610959880023,0.00015165750888045825,7.28
0,0,231.4,0.04,7.28,0.787,9.256,1.2714285714285714,0.005494505494505494,-0.01200000000000001,0.0,-0.08000000000000007,7.244,0.7807999999999999,0.04008,0.07668115805070018,0.012255610959880023,0.00013038404810337801,8.3
0,0,230.5,0.0402,8.3,0.896,9.2661,1.1163975903614456,0.004843373493975903,0.10899999999999999,0.0001999999999999988,1.0200000000000005,7.468000000000001,0.8064,0.04006,0.4700212761141747,0.051066623150546775,8.944271909900077e-05,8.06
0,0,229.9,0.0402,8.06,0.872,9.24198,1.1466476426799006,0.004987593052109181,-0.02400000000000002,0.0,-0.2400000000000002,7.644,0.8257999999999999,0.04008,0.49907915203903047,0.054467421455398284,0.00010954451150022804,8.41
0,0,233.2,0.0402,8.41,0.899,9.37464,1.1147015457788347,0.004780023781212841,0.027000000000000024,0.0,0.34999999999999964,7.882000000000001,0.8506,0.04012,0.5291691600991105,0.05378010784667518,0.00010954451150023437,8.44
0,0,231.9,0.0402,8.44,0.906,9.32238,1.104547393364929,0.0047630331753554505,0.007000000000000006,0.0,0.02999999999999936,8.098,0.8720000000000001,0.04016,0.48106132665180884,0.04920873906126883,8.944271909902016e-05,8.41
0,0,230.7,0.0402,8.41,0.906,9.27414,1.1027514863258026,0.004780023781212841,0.0,0.0,-0.02999999999999936,8.324000000000002,0.8958,0.0402,0.15693947878083178,0.014007141035917344,0.0,8.24
0,0,231.2,0.0401,8.24,0.888,9.271119999999998,1.1251359223300967,0.004866504854368931,-0.018000000000000016,-0.00010000000000000286,-0.16999999999999993,8.312000000000001,0.8942,0.04018,0.16146206984923464,0.014429137188344899,4.472135954806191e-05,7.28
0,1,229.4,0.041,7.28,0.772,9.4054,1.2919505494505494,0.005631868131868132,-0.11599999999999999,0.000900000000000005,-0.96,8.156,0.8742000000000001,0.04034,0.49601411270245055,0.05760381931782,0.0003714835124199097,7.41
0,1,230.1,0.0412,7.41,0.78,9.48012,1.2793684210526315,0.005560053981106612,0.008000000000000007,0.0001999999999999988,0.1299999999999999,7.956,0.8503999999999999,0.04054,0.5648274072670338,0.06837250909539612,0.0005176871642216376,7.36
0,1,231.6,0.0411,7.36,0.773,9.518759999999999,1.2933097826086954,0.005584239130434782,-0.007000000000000006,-0.00010000000000000286,-0.04999999999999982,7.74,0.8238000000000001,0.04072,0.5393978123796949,0.06719523792650782,0.0005263078946774853,7.09
0,1,228.8,0.0413,7.09,0.751,9.449440000000001,1.332784203102962,0.005825105782792666,-0.02200000000000002,0.00020000000000000573,-0.27000000000000046,7.476000000000001,0.7928000000000001,0.04094,0.44410584324010105,0.05431114066193008,0.0004827007354457362,7.58
0,1,230.9,0.0414,7.58,0.794,9.55926,1.2611160949868074,0.005461741424802111,0.04300000000000004,9.999999999999593e-05,0.4900000000000002,7.343999999999999,0.774,0.0412,0.17952715672009456,0.01557241150239524,0.00015811388300796992,7.46
0,1,232.2,0.0412,7.46,0.782,9.56664,1.2823914209115281,0.005522788203753352,-0.01200000000000001,-0.0001999999999999988,-0.1200000000000001,7.38,0.776,0.04124,0.18152134860671712,0.01589024858206864,0.00011401754250929448,7.21
0,1,229.5,0.0415,7.21,0.757,9.52425,1.320977808599168,0.0057558945908460475,-0.025000000000000022,0.00030000000000000165,-0.25,7.340000000000001,0.7714,0.0413,0.1948075973877851,0.017672011770025746,0.00015811388300797488,7.63
0,1,231.0,0.0413,7.63,0.799,9.5403,1.2503669724770643,0.0054128440366972485,0.04200000000000004,-0.0001999999999999988,0.41999999999999993,7.394,0.7766,0.04134,0.23501063805709146,0.02164024029441296,0.0001140175425092979,7.84
0,2,229.8,0.0425,7.84,0.801,9.7665,1.2457270408163266,0.00542091836734694,0.0020000000000000018,0.0011999999999999997,0.20999999999999996,7.544,0.7866,0.04158,0.23179732526498392,0.01811905074776117,0.0005263078946774997,8.01
0,2,231.2,0.0428,8.01,0.809,9.895359999999998,1.2353757802746566,0.005343320848938827,0.008000000000000007,0.0002999999999999947,0.16999999999999993,7.63,0.7896000000000001,0.04186,0.3137674297947452,0.020707486568870396,0.0007368853370775291,8.19
0,2,232.0,0.0431,8.19,0.82,9.9992,1.220903540903541,0.005262515262515263,0.010999999999999899,0.00030000000000000165,0.17999999999999972,7.775999999999999,0.7972,0.04224,0.3781269628048225,0.023941595602631725,0.0007987490219085526,7.72
0,2,228.9,0.0429,7.72,0.785,9.81981,1.2719961139896374,0.00555699481865285,-0.03499999999999992,-0.0001999999999999988,-0.46999999999999975,7.877999999999998,0.8028000000000001,0.04252,0.22509997778764715,0.012930583900194173,0.0007155417527998457,8.32
0,2,230.4,0.0433,8.32,0.835,9.97632,1.199076923076923,0.005204326923076923,0.04999999999999993,0.0003999999999999976,0.6000000000000005,8.016,0.8099999999999999,0.04292,0.24562166028263605,0.018920887928423637,0.0003033150177618674,8.11
0,2,231.6,0.043,8.11,0.816,9.958799999999998,1.2279654747225646,0.0053020961775585695,-0.019000000000000017,-0.00030000000000000165,-0.21000000000000085,8.07,0.8130000000000001,0.04302,0.22616365755796924,0.018316659084013396,0.00019235384061641253,8.66
0,3,229.4,0.0452,8.66,0.835,10.368879999999999,1.1973302540415702,0.005219399538106235,0.019000000000000017,0.0022000000000000006,0.5500000000000007,8.2,0.8182,0.0435,0.34080786375903593,0.02046216019876629,0.0009617692030835076,8.94
0,3,230.8,0.0458,8.94,0.845,10.570640000000001,1.182398210290828,0.005123042505592841,0.010000000000000009,0.0006000000000000033,0.27999999999999936,8.35,0.8231999999999999,0.04404,0.47423622805517107,0.023794957449005453,0.001357571360923574,9.08
0,3,231.9,0.0461,9.08,0.849,10.69059,1.1773777533039649,0.005077092511013216,0.0040000000000000036,0.00030000000000000165,0.14000000000000057,8.622,0.836,0.04468,0.4079460748677378,0.01276714533480349,0.0014377065069060102,8.51
0,3,228.7,0.0455,8.51,0.817,10.40585,1.2227790834312573,0.005346650998824912,-0.03200000000000003,-0.0006000000000000033,-0.5700000000000003,8.66,0.8324,0.04512,0.38072299641602114,0.015388307249336762,0.0012316655390161215,9.22
0,3,232.4,0.0464,9.22,0.855,10.78336,1.1695618221258133,0.005032537960954446,0.038000000000000034,0.000899999999999998,0.7100000000000009,8.882,0.8402,0.045799999999999993,0.29346209295238046,0.014872793954062555,0.00047434164902510404,6.74
2,0,225.6,0.3763,51.34,0.605,84.89328,1.653550447993767,0.007329567588624854,-0.08000000000000007,-0.056499999999999995,-14.799999999999997,64.186,0.6744,0.42397999999999997,7.241400417046414,0.039074288221284594,0.026772317792824577,61.78
2,0,240.1,0.4014,61.78,0.641,96.37613999999999,1.5599893169310455,0.006497248300420848,0.03600000000000003,0.025099999999999956,10.439999999999998,62.83200000000001,0.6632,0.41644,6.843414352499774,0.03900256401827952,0.026758232378092377,62.08
2,0,241.4,0.3971,62.08,0.648,95.85994000000001,1.5441356314432992,0.006396585051546392,0.007000000000000006,-0.0042999999999999705,0.29999999999999716,61.864,0.6548,0.40902000000000005,6.451703650974667,0.03621049571602096,0.025726192878076443,60.5
2,0,240.0,0.3921,60.5,0.643,94.104,1.5554380165289257,0.00648099173553719,-0.0050000000000000044,-0.0050000000000000044,-1.5799999999999983,60.36800000000001,0.6444,0.39994,5.471811400258578,0.02840422503783458,0.020677838378321624,59.53
2,0,240.8,0.3896,59.53,0.635,93.81568,1.575939526289266,0.006544599361666387,-0.008000000000000007,-0.0025000000000000022,-0.9699999999999989,59.04600000000001,0.6344,0.39130000000000004,4.427491389037325,0.01708215443086512,0.00954175036353338,59.36
2,0,239.6,0.3865,59.36,0.641,92.6054,1.5600640161725068,0.006511118598382749,0.006000000000000005,-0.0030999999999999917,-0.1700000000000017,60.65,0.6416000000000001,0.39333999999999997,1.2512793453101385,0.004669047011965222,0.005945838881099111,59.96
2,0,241.2,0.3863,59.96,0.644,93.17555999999999,1.5539619746497664,0.006442628418945964,0.0030000000000000027,-0.00020000000000003348,0.6000000000000014,60.286,0.6422000000000001,0.39032,1.0953903413850916,0.004764451699822633,0.004483525398610959,58.18
2,0,240.4,0.3833,58.18,0.631,92.14532,1.5837971811619114,0.006588174630457202,-0.013000000000000012,-0.0030000000000000027,-1.7800000000000011,59.50599999999999,0.6388,0.38756,0.8623108488240836,0.005585696017501731,0.0033775730932119378,59.54
2,0,241.3,0.38,59.54,0.649,91.694,1.5400403090359422,0.006382264024185421,0.018000000000000016,-0.0032999999999999696,1.3599999999999994,59.314,0.64,0.38514,0.6714015192116422,0.007141428428538488,0.0036363443181289994,57.04
2,0,237.9,0.3796,57.04,0.632,90.30684,1.583219495091164,0.0066549789621318375,-0.017000000000000015,-0.00040000000000001146,-2.5,58.815999999999995,0.6394,0.3831399999999999,1.1924260983388775,0.007765307463322758,0.0033049962178478996,57.86
2,0,241.2,0.3777,57.86,0.635,91.10123999999999,1.5745115796750777,0.006527825786380919,0.0030000000000000027,-0.0019000000000000128,0.8200000000000003,58.516,0.6382000000000001,0.38138,1.209909087493629,0.00791833315792743,0.0034098387058611544,58.4
2,0,239.7,0.3787,58.4,0.643,90.77439,1.554355993150685,0.00648458904109589,0.008000000000000007,0.0010000000000000009,0.5399999999999991,58.20399999999999,0.638,0.37986,0.9078986727601557,0.007745966692410472,0.0021173096136344626,59.2
2,0,242.1,0.3789,59.2,0.645,91.73169,1.5495217905405405,0.006400337837837838,0.0020000000000000018,0.00020000000000003348,0.8000000000000043,58.408,0.6408,0.37898,1.0100099009414023,0.007085195833563084,0.0008871302046424427,58.85
2,0,240.9,0.3775,58.85,0.647,90.93975,1.5452803738317757,0.006414613423959218,0.0020000000000000018,-0.0014000000000000123,-0.3500000000000014,58.27,0.6404,0.37848000000000004,0.8513518661515094,0.006542170893513765,0.0008729261137054598,58.89
2,0,242.6,0.3776,58.89,0.643,91.60575999999999,1.5555401596196297,0.00641195449142469,-0.0040000000000000036,9.999999999998899e-05,0.03999999999999915,58.64,0.6426000000000001,0.37807999999999997,0.5211045960262368,0.004560701700390536,0.0006648308055354431,59.14
2,0,241.9,0.377,59.14,0.649,91.19630000000001,1.5420409198512006,0.00637470409198512,0.006000000000000005,-0.0005999999999999894,0.25,58.896,0.6454,0.37794,0.3162751966242008,0.0026076809620721223,0.000820365772072983,58.98
2,0,242.6,0.3754,58.98,0.648,91.07204,1.5441173279077653,0.006364869447270262,-0.0010000000000000009,-0.0015999999999999903,-0.1600000000000037,59.012,0.6464000000000001,0.37728,0.15319921670713776,0.0024083189157493813,0.0012637246535495458,58.26
2,0,240.3,0.3758,58.26,0.645,90.30474000000001,1.550029866117405,0.006450394782011672,-0.0030000000000000027,0.00040000000000001146,-0.7199999999999989,58.824,0.6464000000000001,0.37666,0.3344099280817988,0.0024083189157493813,0.0010039920318353655,53.38
2,0,223.6,0.3694,53.38,0.646,82.59784,1.5473555638816037,0.0069201948295241665,0.0010000000000000009,-0.006400000000000017,-4.8799999999999955,57.73,0.6462,0.37504,2.4545671716210222,0.0023874672772533855,0.003275362575347784,53.12
2,0,223.5,0.3701,53.12,0.642,82.71735,1.5571790286144578,0.0069672439759036146,-0.0040000000000000036,0.0006999999999999784,-0.2600000000000051,56.576,0.6460000000000001,0.37354000000000004,3.055630867758665,0.0027386127875176428,0.0035182381954593145,53.36
2,0,223.9,0.3689,53.36,0.646,82.59671,1.547914355322339,0.006913418290854573,0.0040000000000000036,-0.0011999999999999789,0.240000000000002,55.42,0.6454000000000001,0.37192,2.9340415811640286,0.0021908902300100492,0.0033892477041356423,53.18
2,0,221.2,0.3697,53.18,0.65,81.77763999999999,1.5377517863858592,0.006951861602106054,0.0040000000000000036,0.0007999999999999674,-0.17999999999999972,54.260000000000005,0.6458,0.37078,2.2388836503935297,0.0028635642126473427,0.0028402464681764284,53.29
2,0,222.5,0.3688,53.29,0.65,82.058,1.5398386188778383,0.006920623006192532,0.0,-0.0008999999999999564,0.10999999999999943,53.266,0.6468,0.36938,0.11304866208585816,0.003346640106129922,0.000544977063727079,53.29
2,0,222.3,0.3693,53.29,0.649,82.09539000000001,1.5405402514543067,0.0069300056295740296,-0.0010000000000000009,0.0005000000000000004,0.0,53.248000000000005,0.6474,0.36936,0.09628083921217809,0.0034351128074575498,0.0005458937625477952,52.31
2,0,220.8,0.3708,52.31,0.639,81.87264,1.5651431848594914,0.007088510800994074,-0.010000000000000009,0.0015000000000000013,-0.9799999999999969,53.086,0.6468,0.36950000000000005,0.4385544435978173,0.004658325879536256,0.0008093207028048823,54.91
2,1,223.4,0.3812,54.91,0.644,85.16008,1.550902932070661,0.006942269167729011,0.0050000000000000044,0.010399999999999965,2.5999999999999943,53.395999999999994,0.6464000000000001,0.37196,0.9408400501676195,0.00482700735445433,0.005217566482565256,55.42
2,1,224.1,0.3826,55.42,0.646,85.74065999999999,1.5471068206423673,0.006903644893540238,0.0020000000000000018,0.0014000000000000123,0.5100000000000051,53.84400000000001,0.6456000000000001,0.37454,1.2832692624696658,0.004393176527292538,0.006777019994067331,55.66
2,1,222.8,0.3831,55.66,0.651,85.35468,1.533501257635645,0.006882860222781172,0.0050000000000000044,0.0005000000000000004,0.23999999999999488,54.318,0.6458,0.3774,1.4538466218963646,0.004658325879535963,0.006766461409037123,56.04
2,1,223.9,0.3842,56.04,0.652,86.02238,1.5350174875089222,0.0068558172733761595,0.0010000000000000009,0.0010999999999999899,0.38000000000000256,54.867999999999995,0.6464000000000001,0.38038,1.4875046218413959,0.00531977443130401,0.0054627831734372365,55.91
2,1,224.5,0.3838,55.91,0.649,86.1631,1.5411035592917188,0.00686460382758004,-0.0030000000000000027,-0.00040000000000001146,-0.13000000000000256,55.588,0.6484,0.38298,0.44751536286431226,0.003361547262788444,0.0011713240371432222,55.31
2,1,222.9,0.3827,55.31,0.647,85.30383,1.5422858434279516,0.006919182787922617,-0.0020000000000000018,-0.0010999999999999899,-0.5999999999999943,55.66799999999999,0.649,0.38327999999999995,0.3109179956187515,0.0025495097567889203,0.0006978538528872166,56.42
2,1,223.6,0.3844,56.42,0.656,85.95184,1.5234285714285714,0.006813186813186814,0.009000000000000008,0.0017000000000000348,1.1099999999999994,55.86800000000001,0.651,0.38364,0.4155357986980189,0.0033911649915576644,0.000723187389263424,56.8
2,1,224.2,0.3851,56.8,0.658,86.33941999999999,1.5200602112676056,0.006779929577464789,0.0020000000000000018,0.0006999999999999784,0.37999999999999545,56.096000000000004,0.6524000000000001,0.38404,0.560383797053071,0.004615192303682426,0.0008848728722193711,58.21
2,2,223.0,0.3975,58.21,0.656,88.6425,1.5228053599037965,0.006828723587012541,-0.0020000000000000018,0.012400000000000022,1.4100000000000037,56.529999999999994,0.6532,0.3867,1.0931834246820866,0.004868264577852291,0.006101229384311879,59.62
2,2,224.4,0.4012,59.62,0.662,90.02928,1.5100516605166052,0.006729285474672929,0.006000000000000005,0.003699999999999981,1.4099999999999966,57.272000000000006,0.6557999999999999,0.39018,1.672653580392458,0.005495452665611559,0.00851745267083955,60.18
2,2,223.7,0.4041,60.18,0.665,90.39717,1.5021131605184448,0.006714855433698904,0.0030000000000000027,0.0029000000000000137,0.5600000000000023,58.246,0.6594,0.39446000000000003,1.662431953494575,0.003974921382868494,0.009170768779115152,61.02
2,2,224.8,0.4064,61.02,0.668,91.35872,1.497193051458538,0.0066601114388725,0.0030000000000000027,0.0022999999999999687,0.8400000000000034,59.166,0.6618,0.39886,1.67208851440343,0.0049193495504985816,0.0083811097117264,59.31
2,2,222.9,0.4035,59.31,0.659,89.94015,1.5164415781487102,0.00680323722812342,-0.009000000000000008,-0.002899999999999958,-1.7100000000000009,59.66799999999999,0.662,0.40254,1.042386684488968,0.004743416490251621,0.0033709049230133377,60.44
2,2,223.5,0.4057,60.44,0.666,90.67395,1.5002308074123099,0.006712442091330245,0.007000000000000006,0.0021999999999999797,1.1299999999999955,60.114,0.664,0.40418000000000004,0.6748925840457403,0.0035355339059321062,0.0020364184245866587,63.84
2,3,223.2,0.4261,63.84,0.671,95.10551999999998,1.4897481203007517,0.006674498746867167,0.0050000000000000044,0.020399999999999974,3.4000000000000057,60.958000000000006,0.6658000000000002,0.40915999999999997,1.7247666508835349,0.004438468204234363,0.009541907566100015,65.22
2,3,224.0,0.4298,65.22,0.677,96.2752,1.476160686905857,0.006590003066544005,0.006000000000000005,0.0037000000000000366,1.3799999999999955,61.965999999999994,0.6682,0.4143,2.4687203162772584,0.0066105975524157305,0.012574776339959222,66.18
2,3,222.5,0.4324,66.18,0.686,96.209,1.453747355696585,0.0065336959806588085,0.009000000000000008,0.002599999999999991,0.960000000000008,62.998000000000005,0.6718000000000001,0.41950000000000004,2.9965012931751227,0.01032956920689401,0.013806701271484069,67.41
2,3,223.7,0.4355,67.41,0.692,97.42134999999999,1.4452062008604063,0.006460465806260199,0.005999999999999894,0.0030999999999999917,1.2299999999999898,64.61800000000001,0.6784,0.42589999999999995,2.6766807803696566,0.0106442472725894,0.011807836380980315,68.2
2,3,224.4,0.4382,68.2,0.695,98.33207999999999,1.4418193548387095,0.006425219941348973,0.0030000000000000027,0.00269999999999998,0.7900000000000063,66.17,0.6842,0.4324,1.7313289693182012,0.01008464178838493,0.004735504197021167,51.34
0,0,228.6,0.0401,6.74,0.735,9.16686,1.3600682492581602,0.005949554896142433,-0.12,-0.0063,-2.4800000000000004,8.498000000000001,0.8202,0.04478,1.018096262639243,0.04981164522478628,0.00263761255683997,6.84
0,0,229.8,0.0401,6.84,0.742,9.214979999999999,1.347219298245614,0.005862573099415205,0.007000000000000006,0.0,0.09999999999999964,8.078,0.7996,0.04364,1.2059933664825844,0.057669749435904,0.0032477684646538317,7.12
0,0,230.4,0.0401,7.12,0.77,9.23904,1.2976179775280898,0.005632022471910112,0.028000000000000025,0.0,0.28000000000000025,7.686,0.7838,0.04243999999999999,1.113903047845727,0.05121230320928685,0.003219937887599686,7.21
0,0,231.3,0.0402,7.21,0.776,9.29826,1.2896338418862692,0.005575589459084605,0.006000000000000005,0.00010000000000000286,0.08999999999999986,7.426,0.7756000000000001,0.04137999999999999,1.0213618359817458,0.04773154093468936,0.002806599365780577,6.89
0,0,231.0,0.04,6.89,0.745,9.24,1.3410740203193035,0.005805515239477504,-0.031000000000000028,-0.0001999999999999988,-0.3200000000000003,6.959999999999999,0.7535999999999999,0.0401,0.19735754355991836,0.018201648277007907,7.071067811828917e-05,6.76
0,0,228.5,0.0401,6.76,0.737,9.162849999999999,1.3554511834319525,0.005931952662721893,-0.008000000000000007,9.999999999999593e-05,-0.1299999999999999,6.964,0.754,0.0401,0.1919114379082317,0.017705931209623108,7.071067811828917e-05,7.16
0,0,225.8,0.0402,7.16,0.789,9.077160000000001,1.2677597765363129,0.0056145251396648044,0.052000000000000046,0.00010000000000000286,0.40000000000000036,7.0280000000000005,0.7634000000000001,0.04012,0.1935716921453256,0.021755459085018507,8.366600265309761e-05,7.26
0,0,231.0,0.0402,7.26,0.782,9.2862,1.279090909090909,0.005537190082644628,-0.007000000000000006,0.0,0.09999999999999964,7.056,0.7658,0.040139999999999995,0.2187007087322868,0.02327444951013701,8.944271909969947e-05,6.78
0,0,224.7,0.0403,6.78,0.749,9.05541,1.3356061946902655,0.005943952802359882,-0.03300000000000003,0.00010000000000000286,-0.47999999999999954,6.970000000000001,0.7604,0.040159999999999994,0.22737634001805215,0.02344781439707999,0.00011401754250968404,6.78
0,0,230.5,0.0402,6.78,0.731,9.2661,1.3666814159292036,0.005929203539823008,-0.018000000000000016,-0.00010000000000000286,0.0,6.948,0.7576,0.0402,0.24190907382734714,0.02639696952303255,7.07106781182781e-05,7.34
0,0,233.4,0.0402,7.34,0.782,9.38268,1.2782942779291555,0.005476839237057221,0.051000000000000045,0.0,0.5599999999999996,7.064,0.7666000000000001,0.04022,0.2669831455354521,0.02526459973955492,4.472135954939048e-05,7.01
0,0,231.8,0.0402,7.01,0.753,9.31836,1.3292952924393724,0.005734664764621969,-0.029000000000000026,0.0,-0.33000000000000007,7.034000000000001,0.7594,0.04022,0.26187783411355103,0.022232858565643564,4.472135954939048e-05,7.09
0,0,230.3,0.0402,7.09,0.766,9.25806,1.3057912552891398,0.005669957686882934,0.013000000000000012,0.0,0.08000000000000007,7.0,0.7562,0.04022,0.23484037131635777,0.019097120201745237,4.472135954939048e-05,6.99
0,0,229.1,0.0403,6.99,0.758,9.23273,1.3208483547925607,0.005765379113018598,-0.008000000000000007,0.00010000000000000286,-0.09999999999999964,7.042,0.758,0.04022,0.20216330032922547,0.018668154702592008,4.472135954939048e-05,7.34
0,0,236.6,0.0403,7.34,0.771,9.534980000000001,1.2990435967302454,0.005490463215258856,0.013000000000000012,0.0,0.34999999999999964,7.154000000000001,0.766,0.04024,0.17386776584520838,0.011335784048750946,5.4772255750017115e-05,6.59
0,0,230.1,0.0402,6.59,0.712,9.25002,1.4036449165402123,0.0061001517450682856,-0.05900000000000005,-0.00010000000000000286,-0.75,7.0040000000000004,0.752,0.040240000000000005,0.27014810752623236,0.023420076857258637,5.4772255750017115e-05,7.02
0,0,229.1,0.0402,7.02,0.762,9.20982,1.311940170940171,0.005726495726495727,0.050000000000000044,0.0,0.4299999999999997,7.006,0.7537999999999999,0.04024,0.27024063351021954,0.023857912733512617,5.4772255750017115e-05,6.95
0,0,231.4,0.0402,6.95,0.748,9.30228,1.3384575539568344,0.0057841726618705035,-0.014000000000000012,0.0,-0.0699999999999994,6.978,0.7502000000000001,0.040240000000000005,0.26658957218917034,0.022895414388036297,5.4772255750017115e-05,7.23
0,0,232.9,0.0402,7.23,0.772,9.36258,1.2949626556016596,0.0055601659751037345,0.02400000000000002,0.0,0.28000000000000025,7.026000000000001,0.753,0.04022,0.289879285220598,0.024859605789310152,4.4721359549388446e-05,6.7
0,0,226.9,0.0403,6.7,0.733,9.144070000000001,1.3647865671641792,0.006014925373134329,-0.039000000000000035,0.00010000000000000286,-0.5300000000000002,6.898000000000001,0.7454,0.04022,0.25587106127892817,0.023765521244018508,4.4721359549388446e-05,7.01
0,0,231.8,0.0402,7.01,0.753,9.31836,1.3292952924393724,0.005734664764621969,0.020000000000000018,-0.00010000000000000286,0.3099999999999996,6.982000000000001,0.7536,0.04022,0.18992103622296527,0.01470714112259424,4.4721359549388446e-05,7.09
0,0,230.3,0.0402,7.09,0.766,9.25806,1.3057912552891398,0.005669957686882934,0.013000000000000012,0.0,0.08000000000000007,6.996,0.7544000000000001,0.04022,0.1959081417399616,0.015372052563008732,4.4721359549388446e-05,6.99
0,0,229.1,0.0403,6.99,0.758,9.23273,1.3208483547925607,0.005765379113018598,-0.008000000000000007,0.00010000000000000286,-0.09999999999999964,7.004,0.7564,0.04024,0.19437077969696184,0.014976648490229887,5.4772255750017115e-05,7.34
0,0,236.6,0.0403,7.34,0.771,9.534980000000001,1.2990435967302454,0.005490463215258856,0.013000000000000012,0.0,0.34999999999999964,7.026000000000001,0.7562,0.040260000000000004,0.2294122926087544,0.01472073367736489,5.477225575001221e-05,6.59
0,0,230.1,0.0402,6.59,0.712,9.25002,1.4036449165402123,0.0061001517450682856,-0.05900000000000005,-0.00010000000000000286,-0.75,7.004,0.752,0.040240000000000005,0.2701481075262324,0.023420076857258647,5.4772255750017115e-05,7.02
0,0,229.1,0.0402,7.02,0.762,9.20982,1.311940170940171,0.005726495726495727,0.050000000000000044,0.0,0.4299999999999997,7.006,0.7538,0.04024,0.2702406335102196,0.02385791273351262,5.4772255750017115e-05,6.95
0,0,231.4,0.0402,6.95,0.748,9.30228,1.3384575539568344,0.0057841726618705035,-0.014000000000000012,0.0,-0.0699999999999994,6.978,0.7502,0.040240000000000005,0.2665895721891703,0.02289541438803632,5.4772255750017115e-05,7.23
0,0,232.9,0.0402,7.23,0.772,9.36258,1.2949626556016596,0.0055601659751037345,0.02400000000000002,0.0,0.28000000000000025,7.025999999999999,0.7529999999999999,0.04022,0.289879285220598,0.02485960578931016,4.4721359549388446e-05,6.7
0,0,226.9,0.0403,6.7,0.733,9.144070000000001,1.3647865671641792,0.006014925373134329,-0.039000000000000035,0.00010000000000000286,-0.5300000000000002,6.898000000000001,0.7454,0.04022,0.25587106127892817,0.023765521244018557,4.4721359549388446e-05,7.03
0,0,230.8,0.0402,7.03,0.758,9.27816,1.3197951635846372,0.005718349928876244,0.025000000000000022,-0.00010000000000000286,0.33000000000000007,6.986,0.7545999999999999,0.04022,0.1908664454533716,0.01482565344259411,4.4721359549388446e-05,7.07
0,0,231.0,0.0403,7.07,0.761,9.3093,1.3167326732673268,0.005700141442715701,0.0030000000000000027,0.00010000000000000286,0.040000000000000036,6.996,0.7544000000000001,0.040240000000000005,0.19437077969696187,0.01470714112259424,5.4772255750017115e-05,6.86
0,0,228.7,0.0402,6.86,0.745,9.19374,1.3401953352769678,0.005860058309037901,-0.016000000000000014,-0.00010000000000000286,-0.20999999999999996,6.978,0.7538,0.04024,0.20364184245877587,0.015089731607947911,5.4772255750017115e-05,7.04
0,0,230.1,0.0402,7.04,0.761,9.25002,1.3139232954545454,0.005710227272727273,0.016000000000000014,0.0,0.17999999999999972,6.94,0.7516,0.040240000000000005,0.15732132722553832,0.012320714265005108,5.4772255750017115e-05,7.14
0,0,230.6,0.0402,7.14,0.769,9.27012,1.2983361344537816,0.005630252100840337,0.008000000000000007,0.0,0.09999999999999964,7.0280000000000005,0.7588,0.04022,0.10329569206895753,0.008729261137112665,4.4721359549388446e-05,6.69
0,0,230.2,0.0402,6.69,0.722,9.25404,1.3832645739910312,0.006008968609865471,-0.04700000000000004,0.0,-0.4499999999999993,6.959999999999999,0.7516,0.04022,0.182893411581732,0.01870294094520701,4.4721359549388446e-05,7.2
0,0,233.3,0.0403,7.2,0.766,9.401990000000001,1.3058319444444446,0.005597222222222222,0.04400000000000004,0.00010000000000000286,0.5099999999999998,6.986,0.7525999999999999,0.04022,0.2097140910859469,0.01944993573253911,4.4721359549388446e-05,7.14
0,0,231.0,0.0403,7.14,0.768,9.3093,1.3038235294117648,0.005644257703081233,0.0020000000000000018,0.0,-0.0600000000000005,7.042,0.7572,0.040240000000000005,0.20498780451530488,0.01991732913821292,5.4772255750017115e-05,7.15
0,0,225.6,0.0403,7.15,0.787,9.09168,1.2715636363636362,0.005636363636363636,0.019000000000000017,0.0,0.010000000000000675,7.064,0.7624000000000001,0.040260000000000004,0.21054690688776426,0.02411016383187619,5.477225575001221e-05,6.89
0,0,228.5,0.0403,6.89,0.748,9.20855,1.3365094339622643,0.005849056603773586,-0.039000000000000035,0.0,-0.2600000000000007,7.014,0.7582000000000001,0.04028,0.21755459085021606,0.024498979570584306,4.472135954937244e-05,6.9
0,0,230.5,0.0403,6.9,0.742,9.289150000000001,1.346253623188406,0.0058405797101449275,-0.006000000000000005,0.0,0.010000000000000675,7.056,0.7622,0.0403,0.14876155417312953,0.017838161340225353,0.0,6.91
0,0,232.1,0.0402,6.91,0.74,9.33042,1.3502778581765558,0.005817655571635311,-0.0020000000000000018,-0.00010000000000000286,0.009999999999999787,6.998,0.757,0.040279999999999996,0.13442470011127078,0.020099751242239436,4.472135954937244e-05,7.04
0,0,231.4,0.0402,7.04,0.756,9.30228,1.321346590909091,0.005710227272727273,0.016000000000000014,0.0,0.1299999999999999,6.978,0.7545999999999999,0.040260000000000004,0.11388590782008619,0.019152023391796072,5.477225575001221e-05,7.18
0,0,232.1,0.0403,7.18,0.768,9.35363,1.3027339832869083,0.0056128133704735385,0.01200000000000001,0.00010000000000000286,0.13999999999999968,6.984,0.7508,0.040260000000000004,0.12541929676092564,0.01145425685061675,5.477225575001221e-05,7.16
0,0,231.9,0.0402,7.16,0.767,9.32238,1.3020083798882682,0.0056145251396648044,-0.0010000000000000009,-0.00010000000000000286,-0.019999999999999574,7.037999999999999,0.7546,0.04024,0.13274034804838017,0.013296616110872107,5.4772255750017115e-05,7.14
0,0,230.6,0.0402,7.14,0.769,9.27012,1.2983361344537816,0.005630252100840337,0.0020000000000000018,0.0,-0.020000000000000462,7.086,0.76,0.04022,0.11216059914250248,0.012349089035224706,4.4721359549388446e-05,6.69
0,0,230.2,0.0402,6.69,0.722,9.25404,1.3832645739910312,0.006008968609865471,-0.04700000000000004,0.0,-0.4499999999999993,7.042,0.7564,0.04022,0.20400980368601146,0.019932385707684488,4.4721359549388446e-05,7.2
0,0,233.3,0.0403,7.2,0.766,9.401990000000001,1.3058319444444446,0.005597222222222222,0.04400000000000004,0.00010000000000000286,0.5099999999999998,7.074,0.7584,0.04024,0.215824002372315,0.02037891066764625,5.4772255750017115e-05,7.14
0,0,231.0,0.0403,7.14,0.768,9.3093,1.3038235294117648,0.005644257703081233,0.0020000000000000018,0.0,-0.0600000000000005,7.066,0.7584,0.04024,0.21161285405193375,0.02037891066764625,5.4772255750017115e-05,7.15
0,0,225.6,0.0403,7.15,0.787,9.09168,1.2715636363636362,0.005636363636363636,0.019000000000000017,0.0,0.010000000000000675,7.064,0.7624000000000001,0.040260000000000004,0.21054690688776462,0.02411016383187616,5.477225575001221e-05,6.89
0,0,228.5,0.0403,6.89,0.748,9.20855,1.3365094339622643,0.005849056603773586,-0.039000000000000035,0.0,-0.2600000000000007,7.014,0.7582,0.040279999999999996,0.21755459085021617,0.024498979570584296,4.472135954937244e-05,6.9
0,0,230.5,0.0403,6.9,0.742,9.289150000000001,1.346253623188406,0.0058405797101449275,-0.006000000000000005,0.0,0.010000000000000675,7.056,0.7622,0.0403,0.14876155417312995,0.017838161340225294,0.0,6.91
0,0,232.1,0.0402,6.91,0.74,9.33042,1.3502778581765558,0.005817655571635311,-0.0020000000000000018,-0.00010000000000000286,0.009999999999999787,6.998,0.757,0.04028,0.1344247001112702,0.020099751242239436,4.472135954937244e-05,7.04
0,0,231.4,0.0402,7.04,0.756,9.30228,1.321346590909091,0.005710227272727273,0.016000000000000014,0.0,0.1299999999999999,6.978,0.7546,0.040260000000000004,0.11388590782008508,0.019152023391796086,5.477225575001221e-05,7.18
0,0,232.1,0.0403,7.18,0.768,9.35363,1.3027339832869083,0.0056128133704735385,0.01200000000000001,0.00010000000000000286,0.13999999999999968,6.984,0.7508,0.040260000000000004,0.12541929676092448,0.011454256850616813,5.477225575001221e-05,7.16
0,0,231.9,0.0402,7.16,0.767,9.32238,1.3020083798882682,0.0056145251396648044,-0.0010000000000000009,-0.00010000000000000286,-0.019999999999999574,7.037999999999999,0.7546,0.040240000000000005,0.13274034804837903,0.013296616110872126,5.4772255750017115e-05,6.77
0,0,231.1,0.0402,6.77,0.728,9.29022,1.3722629246676514,0.005937961595273265,-0.039000000000000035,0.0,-0.39000000000000057,7.0120000000000005,0.7518,0.04022,0.1731184565550561,0.017441330224495583,4.4721359549388446e-05,6.76
0,0,230.2,0.0403,6.76,0.729,9.27706,1.3723461538461539,0.005961538461538462,0.0010000000000000009,0.00010000000000000286,-0.009999999999999787,6.981999999999999,0.7495999999999999,0.04024,0.20523157651785662,0.019831792657243632,5.4772255750017115e-05,6.82
0,0,228.7,0.0403,6.82,0.741,9.21661,1.3514090909090908,0.005909090909090909,0.01200000000000001,0.0,0.0600000000000005,6.938,0.7466,0.040260000000000004,0.2131196846844626,0.019756011743261873,5.477225575001221e-05,7.05
0,0,230.3,0.0403,7.05,0.76,9.28109,1.316466666666667,0.005716312056737589,0.019000000000000017,0.0,0.22999999999999954,6.912000000000001,0.7449999999999999,0.040260000000000004,0.18185158784020763,0.017818529681202663,5.477225575001221e-05,7.02
0,0,230.4,0.0403,7.02,0.757,9.285120000000001,1.3226666666666669,0.005740740740740742,-0.0030000000000000027,0.0,-0.03000000000000025,6.883999999999999,0.743,0.040279999999999996,0.14010710188996384,0.01508310312899501,4.472135954937244e-05,6.82
0,0,228.1,0.0403,6.82,0.743,9.19243,1.3478636363636363,0.005909090909090909,-0.014000000000000012,0.0,-0.1999999999999993,6.894,0.7460000000000001,0.0403,0.13145341380125772,0.012649110640669592,0.0,6.91
0,0,229.9,0.0402,6.91,0.747,9.24198,1.337479015918958,0.005817655571635311,0.0040000000000000036,-0.00010000000000000286,0.08999999999999986,6.9239999999999995,0.7496,0.04028,0.10830512453252,0.008473488065720187,4.472135954937244e-05,7.16
0,0,231.5,0.0402,7.16,0.77,9.3063,1.2997625698324022,0.0056145251396648044,0.02300000000000002,0.0,0.25,6.992,0.7554000000000001,0.040260000000000004,0.13103434664241537,0.010737783756432463,5.477225575001221e-05,6.92
0,0,231.7,0.0403,6.92,0.742,9.33751,1.349351156069364,0.0058236994219653185,-0.028000000000000025,0.00010000000000000286,-0.2400000000000002,6.965999999999999,0.7518,0.040260000000000004,0.1295376393177083,0.011777096416345749,5.477225575001221e-05,6.93
0,0,230.1,0.0403,6.93,0.748,9.27303,1.3380995670995672,0.005815295815295816,0.006000000000000005,0.0,0.009999999999999787,6.948,0.75,0.040260000000000004,0.12637246535541166,0.011467344941175512,5.477225575001221e-05,7.0
0,0,229.0,0.0402,7.0,0.76,9.2058,1.3151142857142857,0.005742857142857142,0.01200000000000001,-0.00010000000000000286,0.07000000000000028,6.984,0.7534,0.040240000000000005,0.10454664030950353,0.011392980294896651,5.4772255750017115e-05,6.92
0,0,228.4,0.0402,6.92,0.752,9.18168,1.3268323699421967,0.0058092485549132945,-0.008000000000000007,0.0,-0.08000000000000007,6.986,0.7544,0.04024,0.10285912696501323,0.010899541274746528,5.4772255750017115e-05,7.05
0,0,230.3,0.0403,7.05,0.76,9.28109,1.316466666666667,0.005716312056737589,0.008000000000000007,0.00010000000000000286,0.1299999999999999,6.964,0.7524,0.040260000000000004,0.0585662018574253,0.007797435475840973,5.477225575001221e-05,6.87
0,0,228.4,0.0403,6.87,0.747,9.20452,1.3398136826783116,0.00586608442503639,-0.013000000000000012,0.0,-0.17999999999999972,6.954000000000001,0.7534,0.040260000000000004,0.07092249290602154,0.006308724118227322,5.477225575001221e-05,6.92
0,0,228.4,0.0402,6.92,0.752,9.18168,1.3268323699421967,0.0058092485549132945,0.0050000000000000044,-0.00010000000000000286,0.04999999999999982,6.952,0.7542,0.040240000000000005,0.07190271204902271,0.005674504383635891,5.4772255750017115e-05,7.05
0,0,230.3,0.0403,7.05,0.76,9.28109,1.316466666666667,0.005716312056737589,0.008000000000000007,0.00010000000000000286,0.1299999999999999,6.962000000000001,0.7542,0.040260000000000004,0.08288546314043663,0.005674504383635891,5.477225575001221e-05,6.87
0,0,228.4,0.0403,6.87,0.747,9.20452,1.3398136826783116,0.00586608442503639,-0.013000000000000012,0.0,-0.17999999999999972,6.952,0.7532,0.04028,0.09176055797566117,0.006534523701074391,4.472135954937244e-05,6.96
0,0,228.9,0.0402,6.96,0.757,9.20178,1.3220948275862068,0.005775862068965517,0.010000000000000009,-0.00010000000000000286,0.08999999999999986,6.934,0.7525999999999999,0.040260000000000004,0.07503332592924751,0.0058566201857302436,5.477225575001221e-05,7.15
0,0,232.3,0.0402,7.15,0.766,9.33846,1.3060783216783216,0.005622377622377622,0.009000000000000008,0.0,0.1900000000000004,6.99,0.7564,0.040240000000000005,0.11113055385448548,0.0073006848993709935,5.4772255750017115e-05,6.83
0,0,228.9,0.0403,6.83,0.741,9.224670000000001,1.3506105417276721,0.005900439238653001,-0.025000000000000022,0.00010000000000000286,-0.3200000000000003,6.9719999999999995,0.7542000000000001,0.040260000000000004,0.130843417870387,0.010084641788378187,5.477225575001221e-05,7.26
0,0,232.5,0.0402,7.26,0.776,9.3465,1.2873966942148762,0.005537190082644628,0.03500000000000003,-0.00010000000000000286,0.4299999999999997,7.014,0.7574,0.04024,0.18474306482248434,0.014117365193261214,5.4772255750017115e-05,6.8
0,0,229.9,0.0402,6.8,0.735,9.24198,1.359114705882353,0.005911764705882353,-0.041000000000000036,0.0,-0.45999999999999996,7.0,0.7550000000000001,0.04022,0.2003746490951506,0.0170440605490565,4.4721359549388446e-05,7.16
0,0,231.6,0.0403,7.16,0.767,9.33348,1.303558659217877,0.005628491620111732,0.03200000000000003,0.00010000000000000286,0.3600000000000003,7.040000000000001,0.757,0.040240000000000005,0.21011901389451798,0.017902513789965463,5.4772255750017115e-05,6.9
0,0,227.6,0.0403,6.9,0.753,9.17228,1.3293159420289855,0.0058405797101449275,-0.014000000000000012,0.0,-0.2599999999999998,6.99,0.7544000000000001,0.040260000000000004,0.20712315177209117,0.01719883716999217,5.477225575001221e-05,7.02
0,0,228.5,0.0403,7.02,0.763,9.20855,1.3117592592592595,0.005740740740740742,0.010000000000000009,0.0,0.11999999999999922,7.0280000000000005,0.7588,0.040260000000000004,0.18686893802878163,0.015658863304847614,5.477225575001221e-05,6.98
0,0,229.4,0.0402,6.98,0.757,9.22188,1.3211862464183382,0.005759312320916905,-0.006000000000000005,-0.00010000000000000286,-0.03999999999999915,6.9719999999999995,0.7550000000000001,0.040260000000000004,0.13461054936372827,0.012409673645986998,5.477225575001221e-05,7.11
0,0,231.3,0.0403,7.11,0.763,9.321390000000001,1.3110253164556962,0.005668073136427567,0.006000000000000005,0.00010000000000000286,0.1299999999999999,7.034000000000001,0.7605999999999999,0.040279999999999996,0.10334408546213299,0.005549774770195873,4.472135954937244e-05,7.08
0,0,229.6,0.0402,7.08,0.767,9.22992,1.3036610169491525,0.005677966101694915,0.0040000000000000036,-0.00010000000000000286,-0.03000000000000025,7.018000000000001,0.7605999999999999,0.040260000000000004,0.08318653737236978,0.005549774770195873,5.477225575001221e-05,6.96
0,0,227.1,0.0402,6.96,0.761,9.12942,1.311698275862069,0.005775862068965517,-0.006000000000000005,0.0,-0.1200000000000001,7.029999999999999,0.7622,0.04024,0.06403124237436507,0.003633180424903566,5.4772255750017115e-05,7.16
0,0,229.2,0.0402,7.16,0.776,9.21384,1.286849162011173,0.0056145251396648044,0.015000000000000013,0.0,0.20000000000000018,7.058,0.7647999999999999,0.04022,0.0855569985448566,0.007224956747268581,4.4721359549388446e-05,6.95
0,0,230.3,0.0402,6.95,0.751,9.25806,1.332094964028777,0.0057841726618705035,-0.025000000000000022,0.0,-0.20999999999999996,7.052,0.7636000000000001,0.04022,0.09311283477590321,0.009099450532856492,4.4721359549388446e-05,7.12
0,0,228.6,0.0402,7.12,0.774,9.18972,1.2906910112359549,0.005646067415730337,0.02300000000000002,0.0,0.16999999999999993,7.054,0.7657999999999999,0.0402,0.09476286192388143,0.010183319694475945,0.0,6.97
0,0,230.3,0.0402,6.97,0.754,9.25806,1.3282725968436155,0.005767575322812052,-0.020000000000000018,0.0,-0.15000000000000036,7.032000000000001,0.7632,0.0402,0.0998498873309569,0.011388590782002068,0.0,7.11
0,0,230.9,0.0402,7.11,0.767,9.28218,1.3055105485232068,0.005654008438818565,0.013000000000000012,0.0,0.14000000000000057,7.062,0.7644,0.0402,0.0952365476064971,0.011414902540096528,0.0,6.65
0,0,228.7,0.0402,6.65,0.722,9.19374,1.3825172932330827,0.006045112781954887,-0.04500000000000004,0.0,-0.45999999999999996,6.960000000000001,0.7536,0.0402,0.19000000000001363,0.020007498594274697,0.0,7.07
0,0,233.0,0.0403,7.07,0.753,9.3899,1.3281329561527582,0.005700141442715701,0.031000000000000028,0.00010000000000000286,0.41999999999999993,6.984,0.7540000000000001,0.04022,0.195908141739962,0.019962464777674722,4.4721359549388446e-05,6.98
0,0,228.8,0.04,6.98,0.763,9.152000000000001,1.3111747851002866,0.0057306590257879654,0.010000000000000009,-0.00030000000000000165,-0.08999999999999986,6.956,0.7518,0.04018,0.1810524785801211,0.01768332547910331,0.00010954451150078856,6.94
0,0,230.9,0.04,6.94,0.752,9.236,1.330835734870317,0.005763688760806916,-0.01100000000000001,0.0,-0.040000000000000036,6.95,0.7514,0.04014,0.18096961070855308,0.017643695757972713,0.00013416407864979041,6.98
0,0,229.4,0.0402,6.98,0.757,9.22188,1.3211862464183382,0.005759312320916905,0.0050000000000000044,0.0001999999999999988,0.040000000000000036,6.924000000000001,0.7494,0.040139999999999995,0.16040573555831897,0.015915401345863237,0.00013416407864979041,7.11
0,0,231.3,0.0403,7.11,0.763,9.321390000000001,1.3110253164556962,0.005668073136427567,0.006000000000000005,0.00010000000000000286,0.1299999999999999,7.016000000000001,0.7575999999999999,0.04016,0.07092249290602493,0.005272570530576285,0.0001516575088808563,7.08
0,0,229.6,0.0402,7.08,0.767,9.22992,1.3036610169491525,0.005677966101694915,0.0040000000000000036,-0.00010000000000000286,-0.03000000000000025,7.018000000000001,0.7604000000000001,0.04014,0.07293833011527717,0.005899152481492593,0.00013416407864979041,6.96
0,0,227.1,0.0402,6.96,0.761,9.12942,1.311698275862069,0.005775862068965517,-0.006000000000000005,0.0,-0.1200000000000001,7.014,0.76,0.04018,0.07602631123502678,0.005744562646529359,0.00010954451150078856,7.16
0,0,229.2,0.0402,7.16,0.776,9.21384,1.286849162011173,0.0056145251396648044,0.015000000000000013,0.0,0.20000000000000018,7.058,0.7648,0.04022,0.08555699854485971,0.007224956747268341,4.4721359549388446e-05,6.95
0,0,230.3,0.0402,6.95,0.751,9.25806,1.332094964028777,0.0057841726618705035,-0.025000000000000022,0.0,-0.20999999999999996,7.052,0.7636000000000001,0.04022,0.09311283477590582,0.009099450532856303,4.4721359549388446e-05,7.12
0,0,228.6,0.0402,7.12,0.774,9.18972,1.2906910112359549,0.005646067415730337,0.02300000000000002,0.0,0.16999999999999993,7.054,0.7658,0.0402,0.09476286192388414,0.010183319694475777,0.0,6.97
0,0,230.3,0.0402,6.97,0.754,9.25806,1.3282725968436155,0.005767575322812052,-0.020000000000000018,0.0,-0.15000000000000036,7.031999999999999,0.7632000000000001,0.0402,0.09984988733095872,0.011388590782001917,0.0,7.11
0,0,230.9,0.0402,7.11,0.767,9.28218,1.3055105485232068,0.005654008438818565,0.013000000000000012,0.0,0.14000000000000057,7.062,0.7644,0.0402,0.09523654760650009,0.011414902540096377,0.0,6.65
0,0,228.7,0.0402,6.65,0.722,9.19374,1.3825172932330827,0.006045112781954887,-0.04500000000000004,0.0,-0.45999999999999996,6.960000000000001,0.7535999999999999,0.0402,0.19000000000001377,0.02000749859427461,0.0,7.07
0,0,233.0,0.0403,7.07,0.753,9.3899,1.3281329561527582,0.005700141442715701,0.031000000000000028,0.00010000000000000286,0.41999999999999993,6.984,0.754,0.04022,0.1959081417399624,0.019962464777674636,4.4721359549388446e-05,6.98
0,0,228.8,0.04,6.98,0.763,9.152000000000001,1.3111747851002866,0.0057306590257879654,0.010000000000000009,-0.00030000000000000165,-0.08999999999999986,6.956,0.7518,0.04018,0.18105247858012122,0.017683325479103208,0.00010954451150078856,6.94
0,0,230.9,0.04,6.94,0.752,9.236,1.330835734870317,0.005763688760806916,-0.01100000000000001,0.0,-0.040000000000000036,6.95,0.7514000000000001,0.04014,0.18096961070855316,0.017643695757972616,0.00013416407864979041,7.16
0,0,232.6,0.0401,7.16,0.768,9.327259999999999,1.302689944134078,0.005600558659217877,0.016000000000000014,9.999999999999593e-05,0.21999999999999975,6.960000000000001,0.7516,0.04012,0.19300259065620143,0.01786896751353867,0.0001303840481038518,6.81
0,0,230.1,0.0402,6.81,0.737,9.25002,1.3582995594713656,0.005903083700440529,-0.031000000000000028,0.00010000000000000286,-0.35000000000000053,6.992,0.7546,0.04012,0.13255187663705587,0.011928956366753047,0.0001303840481038518,7.19
0,0,232.7,0.0401,7.19,0.77,9.331269999999998,1.2978122392211402,0.005577190542420027,0.03300000000000003,-0.00010000000000000286,0.3800000000000008,7.016000000000001,0.758,0.04008,0.15852444606433813,0.013656500283743857,8.366600265309329e-05,6.79
0,0,230.6,0.0401,6.79,0.735,9.24706,1.3618645066273931,0.005905743740795287,-0.03500000000000003,0.0,-0.40000000000000036,6.978,0.7524,0.0401,0.18912958520550222,0.016531787562145205,7.071067811828405e-05,7.25
0,0,234.0,0.0401,7.25,0.773,9.3834,1.2942620689655173,0.00553103448275862,0.038000000000000034,0.0,0.45999999999999996,7.040000000000001,0.7565999999999999,0.040119999999999996,0.22158519806161517,0.018902380802425327,4.4721359549412786e-05,6.8
0,0,230.4,0.0401,6.8,0.736,9.23904,1.3586823529411765,0.0058970588235294115,-0.03700000000000003,0.0,-0.4500000000000002,6.968000000000001,0.7502000000000001,0.040119999999999996,0.23112767034694356,0.019485892332656962,4.4721359549412786e-05,7.18
0,0,231.4,0.0401,7.18,0.775,9.27914,1.292359331476323,0.005584958217270195,0.039000000000000035,0.0,0.3799999999999999,7.042,0.7578,0.0401,0.2270902904133182,0.020437710243564434,0.0,6.72
0,0,231.5,0.0401,6.72,0.724,9.28315,1.381421130952381,0.005967261904761905,-0.051000000000000045,0.0,-0.45999999999999996,6.948,0.7485999999999999,0.0401,0.24692104001078025,0.023670656940606855,0.0,7.01
0,0,228.9,0.04,7.01,0.765,9.156,1.3061340941512127,0.005706134094151213,0.041000000000000036,-9.999999999999593e-05,0.29000000000000004,6.992,0.7546,0.04008,0.23080294625503653,0.023158151912445413,4.4721359549409296e-05,7.2
0,0,232.0,0.04,7.2,0.775,9.28,1.2888888888888888,0.005555555555555556,0.010000000000000009,0.0,0.1900000000000004,6.982000000000001,0.755,0.04006,0.21753160689887185,0.023569047498783215,5.477225575003731e-05,6.73
0,0,228.7,0.0401,6.73,0.735,9.170869999999999,1.3626849925705793,0.005958395245170876,-0.040000000000000036,9.999999999999593e-05,-0.46999999999999975,6.968000000000001,0.7548,0.04006,0.23381616710571004,0.023773935307388628,5.477225575003731e-05,7.03
0,0,232.6,0.04,7.03,0.755,9.304,1.323470839260313,0.005689900426742532,0.020000000000000018,-9.999999999999593e-05,0.2999999999999998,6.938,0.7508,0.04004,0.20801442257691052,0.021052315787102843,5.4772255750037945e-05,6.84
0,0,229.9,0.04,6.84,0.744,9.196,1.3444444444444443,0.0058479532163742695,-0.01100000000000001,0.0,-0.1900000000000004,6.962000000000001,0.7548,0.04002,0.18185158784020922,0.01597498043816952,4.4721359549410076e-05,6.77
0,0,230.2,0.04,6.77,0.735,9.208,1.3601181683899557,0.005908419497784343,-0.009000000000000008,0.0,-0.07000000000000028,6.914,0.7487999999999999,0.04002,0.19705329228410687,0.016798809481623978,4.4721359549410076e-05,7.09
0,0,227.9,0.04,7.09,0.778,9.116,1.2857545839210154,0.005641748942172073,0.04300000000000004,0.0,0.3200000000000003,6.892,0.7494,0.04002,0.15974980438174488,0.017980545041791675,4.4721359549410076e-05,7.22
0,0,232.5,0.04,7.22,0.775,9.3,1.28808864265928,0.00554016620498615,-0.0030000000000000027,0.0,0.1299999999999999,6.99,0.7574,0.04,0.18398369492975522,0.018849403173572837,0.0,7.37
0,0,233.4,0.04,7.37,0.789,9.336,1.2667571234735413,0.00542740841248304,0.014000000000000012,0.0,0.15000000000000036,7.058,0.7642,0.04,0.2525272262549228,0.023360222601676906,0.0,7.03
0,0,232.6,0.04,7.03,0.755,9.304,1.323470839260313,0.005689900426742532,-0.03400000000000003,0.0,-0.33999999999999986,7.095999999999999,0.7664000000000001,0.04,0.22423202269079404,0.021419617176782032,0.0,6.84
0,0,229.9,0.04,6.84,0.744,9.196,1.3444444444444443,0.0058479532163742695,-0.01100000000000001,0.0,-0.1900000000000004,7.109999999999999,0.7682,0.04,0.19962464777678282,0.01826745740380679,0.0,6.77
0,0,230.2,0.04,6.77,0.735,9.208,1.3601181683899557,0.005908419497784343,-0.009000000000000008,0.0,-0.07000000000000028,7.045999999999999,0.7596,0.04,0.25205158202242034,0.022199099080816284,0.0,7.09
0,0,227.9,0.04,7.09,0.778,9.116,1.2857545839210154,0.005641748942172073,0.04300000000000004,0.0,0.3200000000000003,7.0200000000000005,0.7602,0.04,0.23579652245104246,0.022753021777335392,0.0,7.22
0,0,232.5,0.04,7.22,0.775,9.3,1.28808864265928,0.00554016620498615,-0.0030000000000000027,0.0,0.1299999999999999,6.99,0.7574000000000001,0.04,0.1839836949297547,0.018849403173572876,0.0,7.37
0,0,233.4,0.04,7.37,0.789,9.336,1.2667571234735413,0.00542740841248304,0.014000000000000012,0.0,0.15000000000000036,7.058,0.7642,0.04,0.2525272262549227,0.023360222601676937,0.0,6.86
0,0,231.2,0.0401,6.86,0.74,9.271119999999998,1.3514752186588919,0.005845481049562682,-0.049000000000000044,9.999999999999593e-05,-0.5099999999999998,7.062,0.7634000000000001,0.04002,0.24833445189905654,0.024275502054538396,4.4721359549410076e-05,6.75
0,0,229.1,0.04,6.75,0.737,9.164,1.3576296296296295,0.005925925925925926,-0.0030000000000000027,-9.999999999999593e-05,-0.11000000000000032,7.058,0.7638,0.04002,0.25430296891700815,0.023700210969522982,4.4721359549410076e-05,6.98
0,0,231.0,0.04,6.98,0.755,9.24,1.32378223495702,0.0057306590257879654,0.018000000000000016,0.0,0.23000000000000043,7.036,0.7592000000000001,0.04002,0.25559733957927816,0.022454398232860707,4.4721359549410076e-05,7.28
0,0,231.4,0.04,7.28,0.787,9.256,1.2714285714285714,0.005494505494505494,0.03200000000000003,0.0,0.2999999999999998,7.048,0.7615999999999999,0.04002,0.2675256997000567,0.025055937420098616,4.4721359549410076e-05,7.18
0,0,232.5,0.04,7.18,0.773,9.3,1.295264623955432,0.005571030640668524,-0.014000000000000012,0.0,-0.10000000000000053,7.01,0.7584000000000001,0.04002,0.21954498400101263,0.02144294755857734,4.4721359549410076e-05,6.86
0,0,230.7,0.04,6.86,0.742,9.228,1.3451895043731776,0.0058309037900874635,-0.031000000000000028,0.0,-0.3199999999999994,7.01,0.7588,0.04,0.21954498400101263,0.021028552018622162,0.0,6.77
0,0,228.0,0.04,6.77,0.743,9.120000000000001,1.3471196454948304,0.005908419497784343,0.0010000000000000009,0.0,-0.09000000000000075,7.014,0.76,0.04,0.21372880011829226,0.01959591794226281,0.0,7.16
0,0,230.3,0.04,7.16,0.777,9.212000000000002,1.28659217877095,0.00558659217877095,0.03400000000000003,0.0,0.39000000000000057,7.05,0.7644,0.04,0.2215851980616147,0.020634921855919298,0.0,6.99
0,0,231.4,0.0399,6.99,0.757,9.23286,1.3208669527896997,0.005708154506437768,-0.020000000000000018,-0.00010000000000000286,-0.16999999999999993,6.992,0.7584000000000001,0.03998,0.18047160441466917,0.016334013591273223,4.4721359549413565e-05,6.86
0,0,230.2,0.0399,6.86,0.747,9.18498,1.3389183673469387,0.005816326530612244,-0.010000000000000009,0.0,-0.1299999999999999,6.928,0.7532,0.039959999999999996,0.15155856953668007,0.014567086187700709,5.477225575004293e-05,6.86
0,0,229.3,0.0399,6.86,0.749,9.14907,1.3336836734693878,0.005816326530612244,0.0020000000000000018,0.0,0.0,6.928,0.7546,0.03994,0.15155856953668007,0.013520355024920758,5.4772255750042926e-05,7.2
0,0,230.2,0.04,7.2,0.782,9.208,1.278888888888889,0.005555555555555556,0.03300000000000003,0.00010000000000000286,0.33999999999999986,7.014,0.7624000000000001,0.039939999999999996,0.16118312566768525,0.016149303390545895,5.4772255750042926e-05,7.17
0,0,230.9,0.0399,7.17,0.777,9.212909999999999,1.2849246861924686,0.005564853556485355,-0.0050000000000000044,-0.00010000000000000286,-0.03000000000000025,7.016,0.7624000000000001,0.03992,0.16349311912127926,0.016149303390545895,4.472135954941356e-05,7.18
0,0,230.8,0.04,7.18,0.778,9.232000000000001,1.2857938718662956,0.005571030640668524,0.0010000000000000009,0.00010000000000000286,0.009999999999999787,7.053999999999999,0.7666000000000001,0.039939999999999996,0.1774260409297487,0.01709678332318379,5.4772255750042926e-05,6.93
0,0,231.1,0.0401,6.93,0.748,9.267109999999999,1.3372453102453101,0.005786435786435786,-0.030000000000000027,9.999999999999593e-05,-0.25,7.068,0.7668,0.03998,0.16021860066797783,0.016813684902480336,8.366600265309593e-05,6.93
0,0,231.4,0.0401,6.93,0.747,9.27914,1.338981240981241,0.005786435786435786,-0.0010000000000000009,0.0,0.0,7.081999999999999,0.7664,0.04002,0.1391761473816724,0.017357995275949802,8.366600265309406e-05,6.8
0,0,228.9,0.0401,6.8,0.741,9.178889999999999,1.3498367647058822,0.0058970588235294115,-0.006000000000000005,0.0,-0.1299999999999999,7.002,0.7582,0.04004,0.16664333169978562,0.017824140933012687,8.944271909969807e-05,7.0
0,0,229.3,0.04,7.0,0.762,9.172,1.3102857142857143,0.005714285714285714,0.02100000000000002,-9.999999999999593e-05,0.20000000000000018,6.967999999999999,0.7552000000000001,0.04006,0.138816425541089,0.014889593681491066,5.477225575003572e-05,7.23
0,0,232.1,0.0401,7.23,0.778,9.30721,1.2873042876901797,0.005546334716459197,0.016000000000000014,9.999999999999593e-05,0.23000000000000043,6.978,0.7552000000000001,0.04008,0.1583350877095938,0.014889593681491066,4.472135954940735e-05,7.07
0,0,232.4,0.04,7.07,0.761,9.296000000000001,1.314851485148515,0.005657708628005658,-0.017000000000000015,-9.999999999999593e-05,-0.16000000000000014,7.006,0.7578,0.04006,0.16009372255027604,0.014446452851821378,5.477225575003572e-05,6.99
0,0,231.4,0.0399,6.99,0.757,9.23286,1.3208669527896997,0.005708154506437768,-0.0040000000000000036,-0.00010000000000000286,-0.08000000000000007,7.018000000000001,0.7598,0.04002,0.15514509338037327,0.013217412757415777,8.366600265309441e-05,6.86
0,0,230.2,0.0399,6.86,0.747,9.18498,1.3389183673469387,0.005816326530612244,-0.010000000000000009,0.0,-0.1299999999999999,7.030000000000001,0.761,0.039979999999999995,0.13509256086108018,0.011202678251199432,8.366600265309628e-05,6.86
0,0,229.3,0.0399,6.86,0.749,9.14907,1.3336836734693878,0.005816326530612244,0.0020000000000000018,0.0,0.0,7.002000000000001,0.7584,0.03996,0.15578831791891415,0.012361229712285805,8.944271909970147e-05,7.2
0,0,230.2,0.04,7.2,0.782,9.208,1.278888888888889,0.005555555555555556,0.03300000000000003,0.00010000000000000286,0.33999999999999986,6.9959999999999996,0.7592000000000001,0.039939999999999996,0.14501724035439598,0.013971399357254706,5.4772255750046246e-05,7.17
0,0,230.9,0.0399,7.17,0.777,9.212909999999999,1.2849246861924686,0.005564853556485355,-0.0050000000000000044,-0.00010000000000000286,-0.03000000000000025,7.016,0.7624,0.03992,0.16349311912127856,0.016149303390545877,4.472135954942111e-05,7.18
0,0,230.8,0.04,7.18,0.778,9.232000000000001,1.2857938718662956,0.005571030640668524,0.0010000000000000009,0.00010000000000000286,0.009999999999999787,7.054,0.7666,0.039939999999999996,0.17742604092974773,0.017096783323183793,5.4772255750046246e-05,6.93
0,0,231.1,0.0401,6.93,0.748,9.267109999999999,1.3372453102453101,0.005786435786435786,-0.030000000000000027,9.999999999999593e-05,-0.25,7.0680000000000005,0.7668,0.03998,0.16021860066797658,0.01681368490248034,8.366600265309592e-05,6.93
0,0,231.4,0.0401,6.93,0.747,9.27914,1.338981240981241,0.005786435786435786,-0.0010000000000000009,0.0,0.0,7.082000000000001,0.7664,0.04002,0.13917614738167094,0.017357995275949802,8.366600265309405e-05,6.8
0,0,228.9,0.0401,6.8,0.741,9.178889999999999,1.3498367647058822,0.0058970588235294115,-0.006000000000000005,0.0,-0.1299999999999999,7.002,0.7582,0.04004,0.1666433316997844,0.01782414093301269,8.944271909969806e-05,7.0
0,0,229.3,0.04,7.0,0.762,9.172,1.3102857142857143,0.005714285714285714,0.02100000000000002,-9.999999999999593e-05,0.20000000000000018,6.968000000000001,0.7552000000000001,0.04006,0.1388164255410875,0.01488959368149107,5.47722557500357e-05,7.23
0,0,232.1,0.0401,7.23,0.778,9.30721,1.2873042876901797,0.005546334716459197,0.016000000000000014,9.999999999999593e-05,0.23000000000000043,6.978,0.7552000000000001,0.04008,0.1583350877095925,0.01488959368149107,4.472135954940733e-05,7.07
0,0,232.4,0.04,7.07,0.761,9.296000000000001,1.314851485148515,0.005657708628005658,-0.017000000000000015,-9.999999999999593e-05,-0.16000000000000014,7.006,0.7577999999999999,0.04006,0.16009372255027476,0.014446452851821383,5.47722557500357e-05,6.86
0,0,229.9,0.0401,6.86,0.744,9.21899,1.3438760932944604,0.005845481049562682,-0.017000000000000015,9.999999999999593e-05,-0.20999999999999996,6.992,0.7572,0.04006,0.1710847743079562,0.015056560032088943,5.47722557500357e-05,7.16
0,0,231.3,0.0401,7.16,0.772,9.275129999999999,1.2954092178770948,0.005600558659217877,0.028000000000000025,0.0,0.2999999999999998,7.064,0.7634000000000001,0.04006,0.14363147287417302,0.012953763931765042,5.47722557500357e-05,7.02
0,0,232.0,0.04,7.02,0.756,9.28,1.3219373219373218,0.005698005698005698,-0.016000000000000014,-9.999999999999593e-05,-0.14000000000000057,7.0680000000000005,0.7622,0.04006,0.14166862743742634,0.013386560424541371,5.47722557500357e-05,6.8
0,0,230.2,0.04,6.8,0.738,9.208,1.3541176470588236,0.0058823529411764705,-0.018000000000000016,0.0,-0.21999999999999975,6.981999999999999,0.7542,0.04004,0.14906374475372697,0.013535139452547166,5.477225575003633e-05,6.82
0,0,226.7,0.04,6.82,0.752,9.068,1.3296187683284457,0.005865102639296188,0.014000000000000012,0.0,0.020000000000000462,6.9319999999999995,0.7524,0.04004,0.15401298646544145,0.012992305415125496,5.477225575003633e-05,7.04
0,0,230.5,0.04,7.04,0.762,9.22,1.309659090909091,0.005681818181818182,0.010000000000000009,0.0,0.21999999999999975,6.968000000000001,0.756,0.04002,0.15401298646544145,0.012569805089972476,4.4721359549408104e-05,7.12
0,0,235.7,0.04,7.12,0.755,9.427999999999999,1.3241573033707863,0.0056179775280898875,-0.007000000000000006,0.0,0.08000000000000007,6.959999999999999,0.7525999999999999,0.04,0.1421267040355339,0.00893308457364525,0.0,6.8
0,0,232.7,0.0401,6.8,0.729,9.331269999999998,1.372245588235294,0.0058970588235294115,-0.026000000000000023,9.999999999999593e-05,-0.3200000000000003,6.9159999999999995,0.7472,0.04002,0.15257784898209928,0.013405222862746407,4.4721359549408104e-05,6.89
0,0,229.3,0.0401,6.89,0.75,9.19493,1.334532656023222,0.005820029027576197,0.02100000000000002,0.0,0.08999999999999986,6.934,0.7496,0.040040000000000006,0.1402854233340167,0.01238143771942092,5.477225575003633e-05,6.85
0,0,228.6,0.0401,6.85,0.748,9.16686,1.3382277372262774,0.005854014598540146,-0.0020000000000000018,0.0,-0.040000000000000036,6.94,0.7488,0.04006,0.1347219358530908,0.012316655390157628,5.47722557500357e-05,7.05
0,0,229.0,0.04,7.05,0.769,9.16,1.299290780141844,0.005673758865248227,0.02100000000000002,-9.999999999999593e-05,0.20000000000000018,6.942,0.7502000000000001,0.04006,0.13663820841918367,0.014411800720239638,5.47722557500357e-05,7.36
0,0,230.3,0.04,7.36,0.799,9.212000000000002,1.2516304347826088,0.005434782608695652,0.030000000000000027,0.0,0.3100000000000005,6.99,0.759,0.04006,0.22704625079486385,0.026466960535730256,5.47722557500357e-05,7.12
0,0,232.5,0.0399,7.12,0.767,9.27675,1.3029143258426965,0.005603932584269663,-0.03200000000000003,-0.00010000000000000286,-0.2400000000000002,7.053999999999999,0.7666,0.04002,0.20403431084012322,0.020476816158766106,8.366600265309441e-05,6.91
0,0,229.7,0.04,6.91,0.754,9.188,1.3296671490593344,0.005788712011577424,-0.013000000000000012,0.00010000000000000286,-0.20999999999999996,7.058,0.7674000000000001,0.039999999999999994,0.200174923504429,0.019730686759459364,7.071067811828538e-05,6.73
0,0,229.7,0.04,6.73,0.733,9.188,1.3652303120356613,0.005943536404160475,-0.02100000000000002,0.0,-0.17999999999999972,7.034000000000001,0.7644,0.03998,0.23543576618688158,0.02407903652557353,4.4721359549414893e-05,6.71
0,0,228.5,0.04,6.71,0.735,9.14,1.3621460506706409,0.005961251862891207,0.0020000000000000018,0.0,-0.020000000000000462,6.965999999999999,0.7575999999999999,0.03998,0.2753724750224762,0.027070278905099988,4.4721359549414893e-05,6.96
0,0,228.6,0.04,6.96,0.761,9.144,1.313793103448276,0.005747126436781609,0.026000000000000023,0.0,0.25,6.886,0.75,0.03998,0.17038192392388518,0.015329709716752536,4.4721359549414893e-05,7.18
0,0,231.0,0.04,7.18,0.778,9.24,1.286908077994429,0.005571030640668524,0.017000000000000015,0.0,0.21999999999999975,6.898000000000001,0.7522,0.04,0.19175505208469612,0.018780308836648527,0.0,7.17
0,0,231.9,0.04,7.17,0.774,9.276,1.2937238493723848,0.005578800557880056,-0.0040000000000000036,0.0,-0.009999999999999787,6.95,0.7562,0.04,0.2277059507347236,0.02122969618246812,0.0,7.18
0,0,231.4,0.0401,7.18,0.775,9.27914,1.292359331476323,0.005584958217270195,0.0010000000000000009,9.999999999999593e-05,0.009999999999999787,7.039999999999999,0.7646,0.04002,0.2070024154448547,0.017784824992107925,4.4721359549411404e-05,6.72
0,0,231.5,0.0401,6.72,0.724,9.28315,1.381421130952381,0.005967261904761905,-0.051000000000000045,0.0,-0.45999999999999996,7.041999999999999,0.7624000000000001,0.04004,0.20302709178827402,0.022434348664490036,5.477225575003903e-05,7.01
0,0,228.9,0.04,7.01,0.765,9.156,1.3061340941512127,0.005706134094151213,0.041000000000000036,-9.999999999999593e-05,0.29000000000000004,7.052,0.7632,0.040040000000000006,0.19917329138216355,0.022443261795022273,5.477225575003903e-05,7.2
0,0,232.0,0.04,7.2,0.775,9.28,1.2888888888888888,0.005555555555555556,0.010000000000000009,0.0,0.1900000000000004,7.056,0.7626000000000001,0.04004,0.20255863348671235,0.02198408515267137,5.477225575003903e-05,6.73
0,0,228.7,0.0401,6.73,0.735,9.170869999999999,1.3626849925705793,0.005958395245170876,-0.040000000000000036,9.999999999999593e-05,-0.46999999999999975,6.967999999999999,0.7548,0.04006,0.23381616710570766,0.023773935307388687,5.47722557500384e-05,7.03
0,0,232.6,0.04,7.03,0.755,9.304,1.323470839260313,0.005689900426742532,0.020000000000000018,-9.999999999999593e-05,0.2999999999999998,6.938,0.7508,0.04004,0.20801442257690755,0.021052315787102854,5.477225575003903e-05,6.84
0,0,229.9,0.04,6.84,0.744,9.196,1.3444444444444443,0.0058479532163742695,-0.01100000000000001,0.0,-0.1900000000000004,6.962000000000001,0.7548,0.04002,0.18185158784020627,0.015974980438169615,4.4721359549411404e-05,6.77
0,0,230.2,0.04,6.77,0.735,9.208,1.3601181683899557,0.005908419497784343,-0.009000000000000008,0.0,-0.07000000000000028,6.914,0.7488,0.04002,0.1970532922841033,0.016798809481623954,4.4721359549411404e-05,7.09
0,0,227.9,0.04,7.09,0.778,9.116,1.2857545839210154,0.005641748942172073,0.04300000000000004,0.0,0.3200000000000003,6.892,0.7494,0.04002,0.15974980438174,0.017980545041791664,4.4721359549411404e-05,7.22
0,0,232.5,0.04,7.22,0.775,9.3,1.28808864265928,0.00554016620498615,-0.0030000000000000027,0.0,0.1299999999999999,6.989999999999999,0.7574,0.04,0.1839836949297528,0.018849403173572955,0.0,7.37
0,0,233.4,0.04,7.37,0.789,9.336,1.2667571234735413,0.00542740841248304,0.014000000000000012,0.0,0.15000000000000036,7.058,0.7642,0.04,0.25252722625492197,0.02336022260167709,0.0,6.86
0,0,231.2,0.0401,6.86,0.74,9.271119999999998,1.3514752186588919,0.005845481049562682,-0.049000000000000044,9.999999999999593e-05,-0.5099999999999998,7.062,0.7634000000000001,0.04002,0.24833445189905595,0.02427550205453854,4.4721359549411404e-05,6.75
0,0,229.1,0.04,6.75,0.737,9.164,1.3576296296296295,0.005925925925925926,-0.0030000000000000027,-9.999999999999593e-05,-0.11000000000000032,7.058,0.7638,0.04002,0.25430296891700754,0.023700210969523152,4.4721359549411404e-05,6.98
0,0,231.0,0.04,6.98,0.755,9.24,1.32378223495702,0.0057306590257879654,0.018000000000000016,0.0,0.23000000000000043,7.036,0.7592000000000001,0.04002,0.2555973395792775,0.022454398232860842,4.4721359549411404e-05,7.28
0,0,231.4,0.04,7.28,0.787,9.256,1.2714285714285714,0.005494505494505494,0.03200000000000003,0.0,0.2999999999999998,7.048,0.7616,0.04002,0.2675256997000561,0.025055937420098744,4.4721359549411404e-05,7.18
0,0,232.5,0.04,7.18,0.773,9.3,1.295264623955432,0.005571030640668524,-0.014000000000000012,0.0,-0.10000000000000053,7.010000000000001,0.7584,0.04002,0.2195449840010116,0.021442947558577473,4.4721359549411404e-05,6.86
0,0,230.7,0.04,6.86,0.742,9.228,1.3451895043731776,0.0058309037900874635,-0.031000000000000028,0.0,-0.3199999999999994,7.01,0.7587999999999999,0.04,0.2195449840010116,0.021028552018622287,0.0,6.77
0,0,228.0,0.04,6.77,0.743,9.120000000000001,1.3471196454948304,0.005908419497784343,0.0010000000000000009,0.0,-0.09000000000000075,7.014,0.76,0.04,0.21372880011829118,0.019595917942262963,0.0,7.16
0,0,230.3,0.04,7.16,0.777,9.212000000000002,1.28659217877095,0.00558659217877095,0.03400000000000003,0.0,0.39000000000000057,7.05,0.7644,0.04,0.22158519806161367,0.020634921855919516,0.0,6.99
0,0,231.4,0.0399,6.99,0.757,9.23286,1.3208669527896997,0.005708154506437768,-0.020000000000000018,-0.00010000000000000286,-0.16999999999999993,6.992,0.7584,0.03998,0.18047160441466792,0.016334013591273344,4.4721359549414893e-05,6.86
0,0,230.2,0.0399,6.86,0.747,9.18498,1.3389183673469387,0.005816326530612244,-0.010000000000000009,0.0,-0.1299999999999999,6.928,0.7532,0.03996,0.15155856953667857,0.014567086187700692,5.4772255750044017e-05,6.86
0,0,229.3,0.0399,6.86,0.749,9.14907,1.3336836734693878,0.005816326530612244,0.0020000000000000018,0.0,0.0,6.928,0.7546,0.039939999999999996,0.15155856953667857,0.013520355024920784,5.4772255750044017e-05,7.2
0,0,230.2,0.04,7.2,0.782,9.208,1.278888888888889,0.005555555555555556,0.03300000000000003,0.00010000000000000286,0.33999999999999986,7.014,0.7624,0.03994,0.1611831256676838,0.0161493033905461,5.4772255750044017e-05,7.17
0,0,230.9,0.0399,7.17,0.777,9.212909999999999,1.2849246861924686,0.005564853556485355,-0.0050000000000000044,-0.00010000000000000286,-0.03000000000000025,7.016,0.7624000000000001,0.03992,0.16349311912127784,0.0161493033905461,4.4721359549414893e-05,7.18
0,0,230.8,0.04,7.18,0.778,9.232000000000001,1.2857938718662956,0.005571030640668524,0.0010000000000000009,0.00010000000000000286,0.009999999999999787,7.054,0.7666000000000001,0.03994,0.1774260409297474,0.017096783323184084,5.4772255750044017e-05,6.93
0,0,231.1,0.0401,6.93,0.748,9.267109999999999,1.3372453102453101,0.005786435786435786,-0.030000000000000027,9.999999999999593e-05,-0.25,7.0680000000000005,0.7668000000000001,0.03998,0.1602186006679764,0.01681368490248066,8.366600265309664e-05,6.93
0,0,231.4,0.0401,6.93,0.747,9.27914,1.338981240981241,0.005786435786435786,-0.0010000000000000009,0.0,0.0,7.081999999999999,0.7664000000000001,0.04002,0.13917614738167075,0.017357995275950087,8.366600265309477e-05,6.8
0,0,228.9,0.0401,6.8,0.741,9.178889999999999,1.3498367647058822,0.0058970588235294115,-0.006000000000000005,0.0,-0.1299999999999999,7.002,0.7582000000000001,0.04004,0.16664333169978424,0.01782414093301281,8.944271909969873e-05,7.0
0,0,229.3,0.04,7.0,0.762,9.172,1.3102857142857143,0.005714285714285714,0.02100000000000002,-9.999999999999593e-05,0.20000000000000018,6.967999999999999,0.7552,0.04006,0.13881642554108733,0.014889593681491165,5.477225575003681e-05,7.23
0,0,232.1,0.0401,7.23,0.778,9.30721,1.2873042876901797,0.005546334716459197,0.016000000000000014,9.999999999999593e-05,0.23000000000000043,6.978,0.7552,0.04007999999999999,0.15833508770959237,0.014889593681491165,4.472135954940868e-05,7.07
0,0,232.4,0.04,7.07,0.761,9.296000000000001,1.314851485148515,0.005657708628005658,-0.017000000000000015,-9.999999999999593e-05,-0.16000000000000014,7.006,0.7577999999999999,0.04006,0.1600937225502746,0.014446452851821525,5.477225575003681e-05,6.86
0,0,229.9,0.0401,6.86,0.744,9.21899,1.3438760932944604,0.005845481049562682,-0.017000000000000015,9.999999999999593e-05,-0.20999999999999996,6.992,0.7572,0.04006,0.17108477430795607,0.015056560032089085,5.477225575003681e-05,7.11
0,0,231.9,0.0399,7.11,0.768,9.25281,1.301379746835443,0.005611814345991561,0.02400000000000002,-0.0001999999999999988,0.25,7.054,0.7626,0.04002,0.13685759021699986,0.012401612798338074,8.366600265309513e-05,7.2
0,0,230.7,0.0399,7.2,0.783,9.20493,1.2784624999999998,0.005541666666666666,0.015000000000000013,0.0,0.08999999999999986,7.093999999999999,0.7668000000000001,0.04,0.14604793733567145,0.015352524222417096,9.999999999973916e-05,7.11
0,0,233.9,0.04,7.11,0.761,9.356,1.3158931082981715,0.005625879043600563,-0.02200000000000002,0.00010000000000000286,-0.08999999999999986,7.07,0.7634,0.039979999999999995,0.1266885945932159,0.014081903280448381,8.366600265309746e-05,6.7
0,0,230.9,0.04,6.7,0.726,9.236,1.3785074626865672,0.005970149253731343,-0.03500000000000003,0.0,-0.41000000000000014,6.996,0.7564,0.03998,0.20839865642562153,0.022029525641735978,8.366600265309746e-05,6.72
0,0,226.4,0.0401,6.72,0.74,9.07864,1.3509880952380953,0.005967261904761905,0.014000000000000012,9.999999999999593e-05,0.019999999999999574,6.968000000000001,0.7556,0.03998,0.2384743172754758,0.022656124999653027,8.366600265309746e-05,7.13
0,0,231.4,0.0402,7.13,0.767,9.30228,1.3046676016830294,0.005638148667601683,0.027000000000000024,0.00010000000000000286,0.41000000000000014,6.9719999999999995,0.7554000000000001,0.04004,0.24159884105683171,0.022523321247096367,0.00011401754250968548,7.03
0,0,231.4,0.0401,7.03,0.758,9.27914,1.3199345661450923,0.005704125177809388,-0.009000000000000008,-0.00010000000000000286,-0.09999999999999964,6.938,0.7504,0.04008,0.2115892246783949,0.016949926253523987,8.366600265309565e-05,6.68
0,0,229.4,0.0401,6.68,0.726,9.19894,1.3770868263473055,0.006002994011976048,-0.03200000000000003,0.0,-0.35000000000000053,6.851999999999999,0.7434000000000001,0.0401,0.21158922467839508,0.018622566955172986,7.071067811828684e-05,7.12
0,0,231.1,0.0401,7.12,0.769,9.267109999999999,1.3015603932584268,0.005632022471910112,0.04300000000000004,0.0,0.4400000000000004,6.936,0.752,0.04012,0.21938550544647262,0.01850675552331911,4.4721359549417204e-05,7.22
0,0,229.6,0.0401,7.22,0.784,9.206959999999999,1.2752022160664818,0.0055540166204986145,0.015000000000000013,0.0,0.09999999999999964,7.036,0.7607999999999999,0.04012,0.21007141642785201,0.02158008341040193,4.4721359549417204e-05,6.62
0,0,226.5,0.0401,6.62,0.728,9.08265,1.372001510574018,0.006057401812688821,-0.05600000000000005,0.0,-0.5999999999999996,6.934,0.753,0.0401,0.2686633581268652,0.025475478405712088,0.0,7.3
0,0,230.7,0.04,7.3,0.791,9.228,1.2641095890410958,0.005479452054794521,0.06300000000000006,-9.999999999999593e-05,0.6799999999999997,6.9879999999999995,0.7596,0.04007999999999999,0.3157847368065849,0.030810712422790622,4.4721359549413714e-05,7.0
0,0,231.6,0.04,7.0,0.756,9.264,1.3234285714285714,0.005714285714285714,-0.03500000000000003,0.0,-0.2999999999999998,7.052,0.7656000000000001,0.04006,0.26630809225407326,0.02500599928017085,5.477225575004092e-05,7.04
0,0,229.6,0.04,7.04,0.766,9.184,1.3045454545454545,0.005681818181818182,0.010000000000000009,0.0,0.040000000000000036,7.036,0.765,0.04004,0.2635905916378732,0.02493992782667795,5.477225575004155e-05,7.0
0,0,231.2,0.04,7.0,0.756,9.248,1.321142857142857,0.005714285714285714,-0.010000000000000009,0.0,-0.040000000000000036,6.992,0.7594000000000001,0.04002,0.24273442277518878,0.022645087767546923,4.4721359549414494e-05,7.31
0,0,231.5,0.04,7.31,0.789,9.26,1.2667578659370726,0.005471956224350206,0.03300000000000003,0.0,0.3099999999999996,7.13,0.7716000000000001,0.04,0.1606237840421028,0.017300289014924242,0.0,7.03
0,0,230.8,0.0401,7.03,0.76,9.25508,1.3165120910384067,0.005704125177809388,-0.029000000000000026,9.999999999999593e-05,-0.27999999999999936,7.0760000000000005,0.7654,0.04002,0.1320227253165307,0.013813037319862193,4.4721359549414494e-05,6.76
0,0,229.9,0.0401,6.76,0.733,9.21899,1.3637559171597633,0.005931952662721893,-0.027000000000000024,0.0,-0.27000000000000046,7.0280000000000005,0.7607999999999999,0.04004,0.19511535049811998,0.02011715685677039,5.477225575004155e-05,7.1
0,0,230.7,0.04,7.1,0.769,9.228,1.299718309859155,0.005633802816901409,0.03600000000000003,-9.999999999999593e-05,0.33999999999999986,7.040000000000001,0.7614000000000001,0.04004,0.19786358937410436,0.0203543607121399,5.477225575004155e-05,7.24
0,0,232.0,0.0399,7.24,0.781,9.2568,1.278563535911602,0.005511049723756906,0.01200000000000001,-0.00010000000000000286,0.14000000000000057,7.087999999999999,0.7664,0.04002,0.21417282740815702,0.021720957621612996,8.366600265309783e-05,7.23
0,0,232.8,0.0399,7.23,0.778,9.28872,1.284746887966805,0.005518672199170124,-0.0030000000000000027,0.0,-0.009999999999999787,7.072,0.7642,0.04,0.19562719647330296,0.019279522815669116,9.999999999974142e-05,6.84
0,0,233.5,0.04,6.84,0.733,9.34,1.3654970760233918,0.0058479532163742695,-0.04500000000000004,0.00010000000000000286,-0.39000000000000057,7.034000000000001,0.7588,0.039979999999999995,0.22244100341439835,0.02396247065725702,8.366600265310016e-05,6.72
0,0,228.3,0.04,6.72,0.737,9.132000000000001,1.3589285714285717,0.005952380952380953,0.0040000000000000036,0.0,-0.1200000000000001,7.026000000000001,0.7596,0.03996,0.23511699215497886,0.02293032926060819,5.477225575004939e-05,7.11
0,0,231.1,0.0401,7.11,0.767,9.267109999999999,1.30339099859353,0.005639943741209563,0.030000000000000027,9.999999999999593e-05,0.39000000000000057,7.0280000000000005,0.7592,0.03998,0.23594490882408206,0.02274203157151762,8.366600265310016e-05,7.26
0,0,231.4,0.04,7.26,0.784,9.256,1.2749311294765842,0.005509641873278237,0.017000000000000015,-9.999999999999593e-05,0.14999999999999947,7.031999999999999,0.7598,0.039999999999999994,0.24056184236076256,0.023488294957274024,7.071067811828997e-05,6.92
0,0,231.3,0.0399,6.92,0.749,9.22887,1.3336517341040464,0.005765895953757225,-0.03500000000000003,-0.00010000000000000286,-0.33999999999999986,6.970000000000001,0.7539999999999999,0.039999999999999994,0.2154065922853905,0.02135415650406031,7.071067811828997e-05,6.83
0,0,230.0,0.04,6.83,0.742,9.200000000000001,1.3469985358711567,0.005856515373352855,-0.007000000000000006,0.00010000000000000286,-0.08999999999999986,6.968000000000001,0.7558,0.039999999999999994,0.2169562167811848,0.019434505396328,7.071067811828997e-05,7.13
0,0,230.8,0.04,7.13,0.772,9.232000000000001,1.294810659186536,0.005610098176718092,0.030000000000000027,0.0,0.2999999999999998,7.05,0.7628,0.04,0.1727715254317222,0.017137677789009386,7.071067811828997e-05,7.05
0,0,231.3,0.0401,7.05,0.761,9.275129999999999,1.3156212765957445,0.005687943262411347,-0.01100000000000001,9.999999999999593e-05,-0.08000000000000007,7.037999999999999,0.7616,0.04,0.16961721610734048,0.01697939928265735,7.071067811828997e-05,6.56
0,0,230.5,0.0401,6.56,0.709,9.243049999999998,1.4090015243902438,0.006112804878048781,-0.052000000000000046,0.0,-0.4900000000000002,6.898000000000001,0.7465999999999999,0.04002,0.2215174936658611,0.023943683927079705,8.366600265309829e-05,6.91
0,0,231.5,0.04,6.91,0.745,9.26,1.3400868306801736,0.005788712011577424,0.03600000000000003,-9.999999999999593e-05,0.35000000000000053,6.895999999999999,0.7458,0.04004,0.22131425620597697,0.02391024884855644,5.477225575004226e-05,6.88
0,0,229.6,0.0399,6.88,0.75,9.16104,1.331546511627907,0.005799418604651162,0.0050000000000000044,-0.00010000000000000286,-0.03000000000000025,6.906000000000001,0.7474000000000001,0.04002,0.21870070873228734,0.02386000838222602,8.366600265309829e-05,8.3
0,0,230.5,0.0402,8.3,0.896,9.2661,1.1163975903614456,0.004843373493975903,0.14600000000000002,0.00030000000000000165,1.4200000000000008,7.140000000000001,0.7722,0.04006,0.6727926872373127,0.07190062586653832,0.00011401754250968742,8.06
0,0,229.9,0.0402,8.06,0.872,9.24198,1.1466476426799006,0.004987593052109181,-0.02400000000000002,0.0,-0.2400000000000002,7.3420000000000005,0.7944,0.04008,0.7818056024358,0.08373947695083805,0.00013038404810385428,8.41
0,0,233.2,0.0402,8.41,0.899,9.37464,1.1147015457788347,0.004780023781212841,0.027000000000000024,0.0,0.34999999999999964,7.712000000000001,0.8324,0.0401,0.7565513862256832,0.07822595477205742,0.0001414213562371256,7.9
0,0,227.9,0.0402,7.9,0.862,9.16158,1.159693670886076,0.005088607594936709,-0.03700000000000003,0.0,-0.5099999999999998,7.910000000000001,0.8558,0.040139999999999995,0.6094259594077054,0.06118986844241452,0.00013416407864979144,8.41
0,0,232.9,0.0402,8.41,0.897,9.36258,1.1132675386444708,0.004780023781212841,0.03500000000000003,0.0,0.5099999999999998,8.216,0.8852,0.0402,0.22722235805483945,0.017020575783446044,0.0,7.92
0,0,229.1,0.0402,7.92,0.861,9.20982,1.1628560606060607,0.0050757575757575755,-0.03600000000000003,0.0,-0.4900000000000002,8.14,0.8782,0.0402,0.2540669203182534,0.018593009439034382,0.0,8.46
0,0,230.6,0.0402,8.46,0.913,9.27012,1.0957588652482269,0.004751773049645389,0.052000000000000046,0.0,0.5400000000000009,8.22,0.8864000000000001,0.0402,0.2838133189263707,0.02355419283270034,0.0,7.91
0,0,231.0,0.0402,7.91,0.851,9.2862,1.1739823008849557,0.005082174462705436,-0.062000000000000055,0.0,-0.5500000000000007,8.12,0.8768,0.0402,0.2881839690197947,0.026705804612481187,0.0,7.99
0,0,231.0,0.0402,7.99,0.861,9.2862,1.1622277847309135,0.005031289111389237,0.010000000000000009,0.0,0.08000000000000007,8.138,0.8766,0.0402,0.27344103569143,0.02684771871128013,0.0,8.23
0,0,229.3,0.0402,8.23,0.893,9.21786,1.1200315917375454,0.0048845686512758195,0.03200000000000003,0.0,0.2400000000000002,8.102,0.8757999999999999,0.0402,0.23826455884164122,0.026138094804327657,0.0,8.01
0,0,231.3,0.0402,8.01,0.861,9.29826,1.1608314606741574,0.0050187265917603,-0.03200000000000003,0.0,-0.22000000000000064,8.120000000000001,0.8758000000000001,0.0402,0.22405356502408508,0.026138094804327657,0.0,8.01
0,0,230.6,0.0402,8.01,0.864,9.27012,1.157318352059925,0.0050187265917603,0.0030000000000000027,0.0,0.0,8.03,0.866,0.0402,0.11916375287813769,0.015874507866387846,0.0,8.3
0,0,231.8,0.0401,8.3,0.893,9.29518,1.1199012048192771,0.004831325301204818,0.029000000000000026,-0.00010000000000000286,0.2900000000000009,8.108,0.8744,0.04018,0.14567086187704853,0.01702351315093387,4.472135954939501e-05,7.86
0,0,227.0,0.0402,7.86,0.861,9.125399999999999,1.1609923664122135,0.005114503816793893,-0.03200000000000003,0.00010000000000000286,-0.4400000000000004,8.082,0.8744,0.04018,0.1796385259347284,0.01702351315093387,4.472135954939501e-05,8.28
0,0,232.1,0.0402,8.28,0.886,9.33042,1.1268623188405797,0.004855072463768116,0.025000000000000022,0.0,0.41999999999999904,8.091999999999999,0.873,0.04018,0.19097120201748227,0.015313392831114107,4.472135954939501e-05,7.95
0,0,227.1,0.0402,7.95,0.871,9.12942,1.148354716981132,0.005056603773584905,-0.015000000000000013,0.0,-0.3299999999999992,8.08,0.875,0.04018,0.19912307751740368,0.013946325680982018,4.472135954939501e-05,8.11
0,0,229.6,0.0402,8.11,0.878,9.22992,1.138091245376079,0.004956843403205919,0.007000000000000006,0.0,0.15999999999999925,8.1,0.8778,0.04018,0.19532024984625126,0.012517987058629707,4.472135954939501e-05,8.12
0,0,228.7,0.0403,8.12,0.882,9.21661,1.1350504926108376,0.004963054187192119,0.0040000000000000036,0.00010000000000000286,0.009999999999999787,8.063999999999998,0.8756,0.04022,0.16318700928689672,0.009864076236527122,4.472135954938299e-05,8.44
0,0,231.9,0.0402,8.44,0.906,9.32238,1.104547393364929,0.0047630331753554505,0.02400000000000002,-0.00010000000000000286,0.3200000000000003,8.179999999999998,0.8846,0.04022,0.18641351882307822,0.013183322798142572,4.472135954938299e-05,8.18
0,0,231.2,0.0402,8.18,0.881,9.29424,1.1362151589242055,0.0049144254278728604,-0.025000000000000022,0.0,-0.2599999999999998,8.16,0.8836,0.04022,0.17818529681206044,0.013240090634131814,4.472135954938299e-05,8.02
0,0,229.0,0.0402,8.02,0.87,9.2058,1.14785536159601,0.005012468827930175,-0.01100000000000001,0.0,-0.16000000000000014,8.174,0.8834,0.04022,0.15931101656822805,0.013483323032547463,4.472135954938299e-05,7.9
0,0,228.4,0.0402,7.9,0.861,9.18168,1.1622379746835443,0.005088607594936709,-0.009000000000000008,0.0,-0.11999999999999922,8.132,0.8800000000000001,0.04022,0.20228692493584982,0.01689674524871649,4.472135954938299e-05,8.02
0,0,229.6,0.0403,8.02,0.868,9.252880000000001,1.1537256857855362,0.00502493765586035,0.007000000000000006,0.00010000000000000286,0.11999999999999922,8.112,0.8772,0.04022,0.2086144769664899,0.01762668431668366,4.472135954938299e-05,8.29
0,0,229.4,0.0403,8.29,0.897,9.24482,1.1151773220747891,0.004861278648974669,0.029000000000000026,0.0,0.2699999999999996,8.082,0.8754,0.040240000000000005,0.15303594349041713,0.014046351839535436,5.4772255750011e-05,8.26
0,0,228.9,0.0403,8.26,0.897,9.224670000000001,1.1167881355932205,0.004878934624697337,0.0,0.0,-0.02999999999999936,8.098,0.8785999999999999,0.040260000000000004,0.16917446615846646,0.017126003620226843,5.477225575000609e-05,8.49
0,0,231.6,0.0403,8.49,0.91,9.33348,1.0993498233215546,0.004746760895170789,0.013000000000000012,0.0,0.23000000000000043,8.192,0.8865999999999999,0.04028,0.23338808881346493,0.021007141642784926,4.472135954936495e-05,8.54
0,0,238.9,0.0402,8.54,0.888,9.60378,1.1245644028103046,0.004707259953161593,-0.02200000000000002,-0.00010000000000000286,0.049999999999998934,8.32,0.892,0.040279999999999996,0.20724381776062975,0.015540270267921083,4.472135954936495e-05,8.1
0,0,231.2,0.0402,8.1,0.871,9.29424,1.147437037037037,0.004962962962962963,-0.017000000000000015,0.0,-0.4399999999999995,8.335999999999999,0.8926000000000001,0.040260000000000004,0.17952715672009348,0.014397916515941878,5.477225575000609e-05,7.97
0,0,230.0,0.0402,7.97,0.863,9.246,1.1601003764115434,0.005043914680050188,-0.008000000000000007,0.0,-0.1299999999999999,8.272,0.8858,0.04024,0.24509181952892967,0.01907092027145064,5.4772255750011e-05,8.22
0,0,229.7,0.0403,8.22,0.889,9.25691,1.1261447688564477,0.004902676399026764,0.026000000000000023,0.00010000000000000286,0.2500000000000009,8.264,0.8842000000000001,0.04024,0.24623159829721578,0.01821263297823864,5.4772255750011e-05,8.03
0,0,226.2,0.0403,8.03,0.881,9.11586,1.135225404732254,0.005018679950186801,-0.008000000000000007,0.0,-0.19000000000000128,8.172,0.8783999999999998,0.04024,0.22576536492562735,0.011216059914248866,5.4772255750011e-05,8.07
0,0,230.2,0.0403,8.07,0.87,9.27706,1.1495737298636928,0.004993804213135068,-0.01100000000000001,0.0,0.040000000000000924,8.078,0.8747999999999999,0.040260000000000004,0.09311283477588955,0.010207840124140711,5.477225575000609e-05,8.14
0,0,230.5,0.0402,8.14,0.878,9.2661,1.1383415233415233,0.0049385749385749385,0.008000000000000007,-0.00010000000000000286,0.07000000000000028,8.086000000000002,0.8762000000000001,0.040260000000000004,0.09710818709049247,0.010034938963442586,5.477225575000609e-05,8.17
0,0,230.4,0.0402,8.17,0.882,9.262080000000001,1.133669522643819,0.004920440636474908,0.0040000000000000036,0.0,0.02999999999999936,8.126,0.8800000000000001,0.040260000000000004,0.07635443667529673,0.006892024376046687,5.477225575000609e-05,8.21
0,0,230.2,0.0402,8.21,0.886,9.25404,1.1271668696711326,0.00489646772228989,0.0040000000000000036,0.0,0.040000000000000924,8.124,0.8794000000000001,0.040240000000000005,0.07334848328358214,0.005983310120662384,5.4772255750011e-05,8.19
0,0,230.8,0.0403,8.19,0.882,9.301240000000002,1.13568253968254,0.004920634920634921,-0.0040000000000000036,0.00010000000000000286,-0.02000000000000135,8.156,0.8795999999999999,0.040240000000000005,0.05458937625584153,0.006066300355242981,5.4772255750011e-05,8.42
0,0,230.5,0.0402,8.42,0.907,9.2661,1.1004869358669833,0.004774346793349169,0.025000000000000022,-0.00010000000000000286,0.23000000000000043,8.225999999999999,0.8869999999999999,0.04022,0.11148990985735777,0.01153256259467207,4.472135954938095e-05,8.22
0,0,233.4,0.0402,8.22,0.877,9.38268,1.1414452554744525,0.004890510948905109,-0.030000000000000027,0.0,-0.1999999999999993,8.242,0.8868,0.04022,0.10134100848127452,0.011734564329366015,4.472135954938095e-05,8.15
0,0,226.5,0.0402,8.15,0.895,9.1053,1.1172147239263803,0.0049325153374233125,0.018000000000000016,0.0,-0.07000000000000028,8.238000000000001,0.8894,0.04022,0.10521406750050943,0.01184483009587019,4.472135954938095e-05,8.22
0,0,231.5,0.0402,8.22,0.883,9.3063,1.1321532846715328,0.004890510948905109,-0.01200000000000001,0.0,0.07000000000000028,8.24,0.8888,0.04022,0.10464224768229011,0.012132600710483785,4.472135954938095e-05,8.28
0,0,230.7,0.0402,8.28,0.893,9.27414,1.1200652173913044,0.004855072463768116,0.010000000000000009,0.0,0.05999999999999872,8.258,0.891,0.0402,0.10158740079361069,0.011575836902791688,0.0,8.16
0,0,229.2,0.0402,8.16,0.886,9.21384,1.1291470588235293,0.004926470588235294,-0.007000000000000006,0.0,-0.11999999999999922,8.206,0.8868,0.0402,0.05272570530587354,0.007362064927724358,0.0,8.15
0,0,229.5,0.0402,8.15,0.883,9.2259,1.1320122699386501,0.0049325153374233125,-0.0030000000000000027,0.0,-0.009999999999999787,8.192,0.8880000000000001,0.0402,0.05718391382199913,0.005656854249495059,0.0,8.36
0,0,230.2,0.0402,8.36,0.903,9.25404,1.1069425837320575,0.004808612440191388,0.020000000000000018,0.0,0.20999999999999908,8.234,0.8896000000000001,0.0402,0.08763560920083666,0.00853229160308252,0.0,8.21
0,0,231.3,0.0402,8.21,0.882,9.29826,1.1325529841656516,0.00489646772228989,-0.02100000000000002,0.0,-0.14999999999999858,8.232000000000001,0.8894,0.0402,0.08814760348416609,0.00873498712077083,0.0,8.18
0,0,228.5,0.0402,8.18,0.889,9.1857,1.1229462102689487,0.0049144254278728604,0.007000000000000006,0.0,-0.030000000000001137,8.212,0.8886000000000001,0.0402,0.08584870412534991,0.008502940667794367,0.0,8.18
0,0,230.1,0.0402,8.18,0.884,9.25002,1.1308092909535452,0.0049144254278728604,-0.0050000000000000044,0.0,0.0,8.216000000000001,0.8882,0.0402,0.08324662155308084,0.008700574693664259,0.0,8.28
0,0,231.2,0.0402,8.28,0.89,9.29424,1.1224927536231886,0.004855072463768116,0.006000000000000005,0.0,0.09999999999999964,8.241999999999999,0.8896000000000001,0.0402,0.0775886589650948,0.008203657720799458,0.0,8.23
0,0,230.8,0.0402,8.23,0.887,9.27816,1.1273584447144591,0.0048845686512758195,-0.0030000000000000027,0.0,-0.049999999999998934,8.216,0.8864000000000001,0.0402,0.0415932686861938,0.003361547262798517,0.0,8.23
0,0,230.1,0.0402,8.23,0.891,9.25002,1.123939246658566,0.0048845686512758195,0.0040000000000000036,0.0,0.0,8.219999999999999,0.8882,0.0402,0.041833001326726564,0.002774887385107876,0.0,8.26
0,0,229.6,0.0402,8.26,0.895,9.22992,1.1174237288135593,0.0048668280871670706,0.0040000000000000036,0.0,0.02999999999999936,8.236,0.8894,0.0402,0.037815340802402904,0.0041593268686210124,0.0,8.21
0,0,230.4,0.0402,8.21,0.888,9.262080000000001,1.1281461632155907,0.00489646772228989,-0.007000000000000006,0.0,-0.049999999999998934,8.242,0.8901999999999999,0.0402,0.027748873851056566,0.0031144823004849265,0.0,7.97
0,0,231.1,0.0402,7.97,0.858,9.29022,1.1656486825595984,0.005043914680050188,-0.030000000000000027,0.0,-0.2400000000000011,8.180000000000001,0.8838000000000001,0.0402,0.11874342087038804,0.014754660280739287,0.0,8.21
0,0,230.5,0.0402,8.21,0.886,9.2661,1.1286358099878195,0.00489646772228989,0.028000000000000025,0.0,0.2400000000000011,8.176,0.8836,0.0402,0.11696153213771665,0.01470714112259841,0.0,8.38
0,0,230.8,0.0402,8.38,0.904,9.27816,1.107178997613365,0.004797136038186157,0.018000000000000016,0.0,0.16999999999999993,8.206000000000001,0.8862,0.0402,0.1490972836774772,0.01726846837446878,0.0,8.31
0,0,227.9,0.0402,8.31,0.907,9.16158,1.102476534296029,0.004837545126353791,0.0030000000000000027,0.0,-0.07000000000000028,8.216,0.8886000000000001,0.0402,0.1551773179301732,0.01948845812269485,0.0,8.11
0,0,229.4,0.0402,8.11,0.879,9.22188,1.1370998766954379,0.004956843403205919,-0.028000000000000025,0.0,-0.20000000000000107,8.196000000000002,0.8868,0.0402,0.16241921068642765,0.019967473550753213,0.0,8.25
0,0,230.2,0.0402,8.25,0.891,9.25404,1.1217018181818181,0.0048727272727272725,0.01200000000000001,0.0,0.14000000000000057,8.252,0.8934000000000001,0.0402,0.10207840124140839,0.011886967653696873,0.0,8.17
0,0,231.1,0.0402,8.17,0.879,9.29022,1.1371138310893512,0.004920440636474908,-0.01200000000000001,0.0,-0.08000000000000007,8.244,0.892,0.0402,0.10761040841852625,0.01330413469565136,0.0,8.18
0,0,230.1,0.0402,8.18,0.884,9.25002,1.1308092909535452,0.0049144254278728604,0.0050000000000000044,0.0,0.009999999999999787,8.203999999999999,0.8880000000000001,0.0402,0.07733045971673823,0.011704699910720897,0.0,8.14
0,0,230.5,0.0402,8.14,0.878,9.2661,1.1383415233415233,0.0049385749385749385,-0.006000000000000005,0.0,-0.03999999999999915,8.169999999999998,0.8822000000000001,0.0402,0.05244044240852724,0.0054497706373775896,0.0,8.18
0,0,230.6,0.0403,8.18,0.881,9.29318,1.1360855745721272,0.004926650366748167,0.0030000000000000027,0.00010000000000000286,0.03999999999999915,8.184,0.8826,0.04022,0.040373258476397944,0.005224940191047494,4.472135954938095e-05,8.02
0,0,229.4,0.0402,8.02,0.87,9.22188,1.1498603491271822,0.005012468827930175,-0.01100000000000001,-0.00010000000000000286,-0.16000000000000014,8.138000000000002,0.8783999999999998,0.04022,0.0679705818718812,0.005224940191047097,4.472135954938095e-05,8.49
0,0,234.0,0.0401,8.49,0.905,9.3834,1.1052296819787986,0.004723203769140164,0.03500000000000003,-0.00010000000000000286,0.47000000000000064,8.202000000000002,0.8836,0.0402,0.17383900597967708,0.013049904214208801,7.071067811826988e-05,8.02
0,0,233.8,0.0402,8.02,0.852,9.398760000000001,1.171915211970075,0.005012468827930175,-0.05300000000000005,0.00010000000000000286,-0.47000000000000064,8.17,0.8772,0.0402,0.192613602842588,0.01920156243642738,7.071067811826988e-05,8.09
0,0,226.9,0.0402,8.09,0.887,9.12138,1.1274882571075402,0.004969097651421508,0.03500000000000003,0.0,0.07000000000000028,8.16,0.8789999999999999,0.0402,0.19583156027566712,0.019710403344427543,7.071067811826988e-05,8.2
0,0,230.7,0.0403,8.2,0.882,9.29721,1.1338060975609756,0.004914634146341464,-0.0050000000000000044,0.00010000000000000286,0.10999999999999943,8.164,0.8792,0.0402,0.19654516020498244,0.019740820651635044,7.071067811826988e-05,8.26
0,0,232.4,0.0402,8.26,0.883,9.34248,1.131050847457627,0.0048668280871670706,0.0010000000000000009,-0.00010000000000000286,0.0600000000000005,8.212,0.8817999999999999,0.0402,0.18130085493455883,0.019070920271450537,7.071067811826988e-05,8.38
0,0,230.5,0.0402,8.38,0.905,9.2661,1.1057398568019092,0.004797136038186157,0.02200000000000002,0.0,0.120000000000001,8.19,0.8817999999999999,0.04022,0.14142135623731691,0.019070920271450537,4.472135954938096e-05,8.41
0,0,230.9,0.0402,8.41,0.907,9.28218,1.1037074910820452,0.004780023781212841,0.0020000000000000018,0.0,0.02999999999999936,8.268,0.8927999999999999,0.04022,0.13141537200800305,0.012214745187683408,4.472135954938096e-05,8.37
0,0,231.8,0.0402,8.37,0.899,9.31836,1.1133046594982081,0.004802867383512545,-0.008000000000000007,0.0,-0.040000000000000924,8.324,0.8952,0.04022,0.08961026726888924,0.011966620241322829,4.472135954938096e-05,8.44
0,0,230.9,0.0402,8.44,0.91,9.28218,1.0997843601895736,0.0047630331753554505,0.01100000000000001,0.0,0.07000000000000028,8.372,0.9008,0.0402,0.06833739825309185,0.010733126292000935,0.0,8.23
0,0,229.7,0.0402,8.23,0.891,9.233939999999999,1.1219854191980556,0.0048845686512758195,-0.019000000000000017,0.0,-0.20999999999999908,8.366,0.9024000000000001,0.0402,0.08080841540335776,0.007536577472569562,0.0,8.05
0,0,229.8,0.0401,8.05,0.874,9.214979999999999,1.14471801242236,0.0049813664596273285,-0.017000000000000015,-0.00010000000000000286,-0.17999999999999972,8.3,0.8962,0.04018,0.16124515496597522,0.014446452851826273,4.4721359549387944e-05,8.18
0,0,231.1,0.0403,8.18,0.88,9.31333,1.1385488997555013,0.004926650366748167,0.006000000000000005,0.00020000000000000573,0.129999999999999,8.254000000000001,0.8907999999999999,0.0402,0.15469324484282201,0.014446452851826169,7.071067811826889e-05,8.16
0,0,225.8,0.0402,8.16,0.899,9.077160000000001,1.1123970588235295,0.004926470588235294,0.019000000000000017,-0.00010000000000000286,-0.019999999999999574,8.212,0.8907999999999999,0.0402,0.14342245291446276,0.014446452851826169,7.071067811826889e-05,8.12
0,0,228.6,0.0402,8.12,0.885,9.18972,1.1317389162561577,0.004950738916256158,-0.014000000000000012,0.0,-0.040000000000000924,8.148,0.8858,0.0402,0.0676017751246319,0.0096798760322658,7.071067811826889e-05,8.09
0,0,230.3,0.0402,8.09,0.874,9.25806,1.1443831891223735,0.004969097651421508,-0.01100000000000001,0.0,-0.02999999999999936,8.120000000000001,0.8824,0.0402,0.05244044240851954,0.01035857133006439,7.071067811826889e-05,8.37
0,0,230.1,0.0401,8.37,0.906,9.227009999999998,1.1023906810035842,0.004790919952210274,0.03200000000000003,-0.00010000000000000286,0.27999999999999936,8.184000000000001,0.8888,0.0402,0.10968135666557606,0.013330416347587833,7.071067811826889e-05,8.25
0,0,230.2,0.0402,8.25,0.891,9.25404,1.1217018181818181,0.0048727272727272725,-0.015000000000000013,0.00010000000000000286,-0.11999999999999922,8.197999999999999,0.891,0.04018,0.11344602240714015,0.012389511693365432,4.4721359549387944e-05,8.1
0,0,230.4,0.0402,8.1,0.875,9.262080000000001,1.1434666666666669,0.004962962962962963,-0.016000000000000014,0.0,-0.15000000000000036,8.186,0.8862,0.04018,0.12136721138759557,0.013141537200800925,4.4721359549387944e-05,8.21
0,0,230.6,0.0402,8.21,0.884,9.27012,1.1291254567600486,0.00489646772228989,0.009000000000000008,0.0,0.11000000000000121,8.203999999999999,0.8859999999999999,0.04018,0.11567194992737598,0.013171939872320798,4.4721359549387944e-05,8.39
0,0,231.2,0.0402,8.39,0.902,9.29424,1.1077759237187128,0.004791418355184743,0.018000000000000016,0.0,0.17999999999999972,8.264,0.8916000000000001,0.04018,0.11949895397032488,0.012739701723354415,4.4721359549387944e-05,8.23
0,0,230.2,0.0402,8.23,0.889,9.25404,1.1244277035236938,0.0048845686512758195,-0.013000000000000012,0.0,-0.16000000000000014,8.236,0.8882000000000001,0.0402,0.10382677881934749,0.009884331034523063,0.0,8.12
0,0,229.2,0.0402,8.12,0.881,9.21384,1.1347093596059115,0.004950738916256158,-0.008000000000000007,0.0,-0.11000000000000121,8.21,0.8862,0.0402,0.11510864433222016,0.010183319694482414,0.0,8.4
0,0,231.4,0.0403,8.4,0.901,9.325420000000001,1.1101690476190478,0.004797619047619048,0.020000000000000018,0.00010000000000000286,0.28000000000000114,8.27,0.8914000000000002,0.04022,0.1214495780149191,0.009659192512836636,4.4721359549375916e-05,8.25
0,0,230.2,0.0402,8.25,0.891,9.25404,1.1217018181818181,0.0048727272727272725,-0.010000000000000009,-0.00010000000000000286,-0.15000000000000036,8.278,0.8928,0.04022,0.11777096416350674,0.008786353054597854,4.4721359549375916e-05,8.1
0,0,230.4,0.0402,8.1,0.875,9.262080000000001,1.1434666666666669,0.004962962962962963,-0.016000000000000014,0.0,-0.15000000000000036,8.22,0.8873999999999999,0.04022,0.12020815280171954,0.009939818911833138,4.4721359549375916e-05,8.21
0,0,230.6,0.0402,8.21,0.884,9.27012,1.1291254567600486,0.00489646772228989,0.009000000000000008,0.0,0.11000000000000121,8.216,0.8864000000000001,0.04022,0.12012493496356831,0.009989994994995482,4.4721359549375916e-05,8.39
0,0,231.2,0.0402,8.39,0.902,9.29424,1.1077759237187128,0.004791418355184743,0.018000000000000016,0.0,0.17999999999999972,8.27,0.8905999999999998,0.04022,0.12668859459320658,0.011458621208506643,4.4721359549375916e-05,8.23
0,0,230.2,0.0402,8.23,0.889,9.25404,1.1244277035236938,0.0048845686512758195,-0.013000000000000012,0.0,-0.16000000000000014,8.236,0.8882,0.0402,0.10382677881934714,0.0098843310345231,0.0,8.12
0,0,229.2,0.0402,8.12,0.881,9.21384,1.1347093596059115,0.004950738916256158,-0.008000000000000007,0.0,-0.11000000000000121,8.21,0.8862,0.0402,0.11510864433221986,0.01018331969448251,0.0,8.4
0,0,231.4,0.0403,8.4,0.901,9.325420000000001,1.1101690476190478,0.004797619047619048,0.020000000000000018,0.00010000000000000286,0.28000000000000114,8.27,0.8914,0.04022,0.12144957801491879,0.009659192512836604,4.4721359549375916e-05,8.39
0,0,230.7,0.0402,8.39,0.905,9.27414,1.1053802145411202,0.004791418355184743,0.0040000000000000036,-0.00010000000000000286,-0.009999999999999787,8.306000000000001,0.8956,0.04022,0.12581732790042133,0.01018822850156207,4.4721359549375916e-05,8.22
0,0,231.3,0.0403,8.22,0.882,9.321390000000001,1.1339890510948905,0.004902676399026764,-0.02300000000000002,0.00010000000000000286,-0.16999999999999993,8.272,0.8916000000000001,0.040240000000000005,0.12029131306957229,0.010945318634011481,5.477225575000523e-05,7.97
0,0,229.4,0.0403,7.97,0.862,9.24482,1.159952321204517,0.0050564617314930995,-0.020000000000000018,0.0,-0.2500000000000009,8.219999999999999,0.8862,0.040260000000000004,0.18289341158172245,0.017340703561275584,5.477225575000032e-05,8.37
0,0,230.8,0.0401,8.37,0.904,9.25508,1.1057443249701315,0.004790919952210274,0.04200000000000004,-0.00020000000000000573,0.39999999999999947,8.27,0.8907999999999999,0.040240000000000005,0.18289341158172395,0.01861988184710199,8.944271909967988e-05,8.1
0,0,229.7,0.0402,8.1,0.876,9.233939999999999,1.1399925925925924,0.004962962962962963,-0.028000000000000025,0.00010000000000000286,-0.2699999999999996,8.209999999999999,0.8858,0.04022,0.17874562931719787,0.018552627846211863,8.366600265307669e-05,8.17
0,0,230.7,0.0403,8.17,0.88,9.29721,1.137969400244798,0.004932680538555692,0.0040000000000000036,0.00010000000000000286,0.07000000000000028,8.166,0.8808,0.04024,0.14774978849392822,0.015139352694221547,8.944271909967988e-05,8.37
0,0,230.6,0.0402,8.37,0.903,9.27012,1.107541218637993,0.004802867383512545,0.02300000000000002,-0.00010000000000000286,0.1999999999999993,8.196,0.885,0.04022,0.17429859437184475,0.018165902124585936,8.366600265307669e-05,8.03
0,0,228.9,0.0402,8.03,0.873,9.20178,1.1459252801992528,0.005006226650062267,-0.030000000000000027,0.0,-0.33999999999999986,8.208,0.8872,0.0402,0.15594870951694664,0.015089731607952368,7.071067811826441e-05,7.99
0,0,228.3,0.0402,7.99,0.872,9.17766,1.1486433041301627,0.005031289111389237,-0.0010000000000000009,0.0,-0.03999999999999915,8.132000000000001,0.8808,0.04022,0.14973309587395747,0.012794530081250829,4.472135954937232e-05,8.19
0,0,229.2,0.0402,8.19,0.888,9.21384,1.125010989010989,0.004908424908424909,0.016000000000000014,0.0,0.1999999999999993,8.15,0.8832000000000001,0.04022,0.15033296378372935,0.012794530081250893,4.472135954937232e-05,8.41
0,0,230.7,0.0402,8.41,0.906,9.27414,1.1027514863258026,0.004780023781212841,0.018000000000000016,0.0,0.22000000000000064,8.197999999999999,0.8884000000000001,0.0402,0.19110206696946305,0.0160405735558314,0.0,8.36
0,0,231.7,0.0402,8.36,0.897,9.31434,1.1141555023923446,0.004808612440191388,-0.009000000000000008,0.0,-0.05000000000000071,8.196000000000002,0.8872,0.0402,0.18889150324988435,0.014855975228844341,0.0,8.09
0,0,231.1,0.0403,8.09,0.87,9.31333,1.1512150803461063,0.004981458590852905,-0.027000000000000024,0.00010000000000000286,-0.2699999999999996,8.208,0.8865999999999999,0.04022,0.17725687574816726,0.015614096195426622,4.472135954937232e-05,7.99
0,0,227.8,0.0402,7.99,0.873,9.15756,1.146127659574468,0.005031289111389237,0.0030000000000000027,-0.00010000000000000286,-0.09999999999999964,8.208,0.8868,0.04022,0.17725687574816726,0.015385057685950877,4.472135954937232e-05,8.37
0,0,231.0,0.0402,8.37,0.901,9.2862,1.1094623655913978,0.004802867383512545,0.028000000000000025,0.0,0.379999999999999,8.244,0.8894,0.04022,0.19047309521295105,0.016682325976914554,4.472135954937232e-05,8.19
0,0,232.1,0.0402,8.19,0.877,9.33042,1.1392454212454213,0.004908424908424909,-0.02400000000000002,0.0,-0.17999999999999972,8.2,0.8836,0.04022,0.16643316977093506,0.014345731072344619,4.472135954937232e-05,8.0
0,0,228.0,0.0402,8.0,0.872,9.1656,1.1457,0.005025,-0.0050000000000000044,0.0,-0.1899999999999995,8.128,0.8785999999999999,0.04022,0.15754364474646113,0.012778888840585093,4.472135954937232e-05,8.3
0,0,230.3,0.0401,8.3,0.899,9.23503,1.1126542168674698,0.004831325301204818,0.027000000000000024,-0.00010000000000000286,0.3000000000000007,8.17,0.8844000000000001,0.04018,0.17219175357722655,0.014380542409799222,4.4721359549379305e-05,8.18
0,0,231.0,0.0402,8.18,0.882,9.2862,1.1352322738386307,0.0049144254278728604,-0.017000000000000015,0.00010000000000000286,-0.120000000000001,8.208,0.8862,0.04018,0.14060583202698737,0.013103434664241098,4.4721359549379305e-05,8.09
0,0,229.0,0.0401,8.09,0.88,9.1829,1.1350927070457355,0.004956736711990111,-0.0020000000000000018,-0.00010000000000000286,-0.08999999999999986,8.152,0.882,0.04016,0.11300442469213191,0.010222524150132035,5.477225575001781e-05,8.24
2,0,225.6,0.3763,51.34,0.605,84.89328,1.653550447993767,0.007329567588624854,-0.08999999999999997,-0.061899999999999955,-16.86,63.67,0.6709999999999999,0.42244000000000004,6.986415389883445,0.03752998800959057,0.02598659269700435,61.78
2,0,240.1,0.4014,61.78,0.641,96.37613999999999,1.5599893169310455,0.006497248300420848,0.03600000000000003,0.025099999999999956,10.439999999999998,62.982000000000006,0.6638,0.41676,6.964963747213635,0.039493037361033594,0.027057401944754363,62.08
2,0,241.4,0.3971,62.08,0.648,95.85994000000001,1.5441356314432992,0.006396585051546392,0.007000000000000006,-0.0042999999999999705,0.29999999999999716,62.162,0.6561999999999999,0.40969999999999995,6.731776882814829,0.037771682514814935,0.026557014139394385,61.33
2,0,241.5,0.3937,61.33,0.645,95.07854999999999,1.5502780042393607,0.006419370617968368,-0.0030000000000000027,-0.003400000000000014,-0.75,60.946000000000005,0.6468,0.40134,6.062687522873011,0.03204996099841549,0.02270469114522346,60.67
2,0,240.3,0.3936,60.67,0.641,94.58208,1.5589596176034284,0.006487555628811603,-0.0040000000000000036,-9.999999999998899e-05,-0.6599999999999966,59.44,0.6359999999999999,0.39242,4.559062403608881,0.017578395831244948,0.009558085582373903,60.5
2,0,240.0,0.3921,60.5,0.643,94.104,1.5554380165289257,0.00648099173553719,0.0020000000000000018,-0.0015000000000000013,-0.1700000000000017,61.272000000000006,0.6436000000000001,0.39558,0.6842294936643094,0.002966479394829603,0.0037332291652115274,60.68
2,0,240.3,0.3908,60.68,0.646,93.90924,1.547614370468029,0.006440342781806196,0.0030000000000000027,-0.0013000000000000234,0.17999999999999972,61.052,0.6446,0.39346,0.6563307093227491,0.0027018512172122464,0.002358601280417028,60.52
2,0,240.9,0.3902,60.52,0.644,93.99918,1.553192002643754,0.006447455386649041,-0.0020000000000000018,-0.0005999999999999894,-0.1599999999999966,60.74000000000001,0.6438,0.39208,0.34007352146275943,0.001923538406153925,0.0015896540504097012,60.15
2,0,240.4,0.3899,60.15,0.642,93.73196000000002,1.5583035743973404,0.0064821280133000835,-0.0020000000000000018,-0.00029999999999996696,-0.37000000000000455,60.504,0.6432,0.39132,0.21454603235684963,0.0019235384061534922,0.0015287249589064481,60.08
2,0,240.7,0.3902,60.08,0.64,93.92114,1.5632679760319574,0.006494673768308921,-0.0020000000000000018,0.00029999999999996696,-0.07000000000000028,60.386,0.643,0.39064,0.25822470834538164,0.0022360679774879326,0.0008792041856037362,59.53
2,0,240.8,0.3896,59.53,0.635,93.81568,1.575939526289266,0.006544599361666387,-0.0050000000000000044,-0.0005999999999999894,-0.5499999999999972,60.19199999999999,0.6414,0.39014,0.44673258220107537,0.004219004621939016,0.00044497190920644755,59.17
2,0,240.0,0.3882,59.17,0.635,93.16799999999999,1.5745817137062699,0.0065607571404427915,0.0,-0.0014000000000000123,-0.35999999999999943,59.89,0.6392,0.38961999999999997,0.5358637886627663,0.004086563348332777,0.0008318653737129423,59.56
2,0,240.7,0.3876,59.56,0.639,93.29531999999999,1.566408999328408,0.0065077233042310275,0.0040000000000000036,-0.0005999999999999894,0.39000000000000057,59.698,0.6382,0.3891,0.4111812252523166,0.00311448230046888,0.0011357816691522627,58.97
2,0,240.5,0.3873,58.97,0.633,93.14564999999999,1.5795429879599796,0.006567746311683907,-0.006000000000000005,-0.00030000000000002247,-0.5900000000000034,59.462,0.6364,0.38858000000000004,0.4252881376196346,0.0029664793948262482,0.0012657013865766255,58.89
2,0,239.4,0.3871,58.89,0.635,92.67174,1.5736413652572592,0.006573272202411275,0.0020000000000000018,-0.00019999999999997797,-0.0799999999999983,59.224000000000004,0.6354,0.38795999999999997,0.3104512844231106,0.0021908902300037457,0.0010064790111977667,59.36
2,0,239.6,0.3865,59.36,0.641,92.6054,1.5600640161725068,0.006511118598382749,0.006000000000000005,-0.0005999999999999894,0.46999999999999886,59.19,0.6366,0.38734,0.2759528945308529,0.0032863353450202177,0.0006268971207313269,59.96
2,0,241.2,0.3863,59.96,0.644,93.17555999999999,1.5539619746497664,0.006442628418945964,0.0030000000000000027,-0.00020000000000003348,0.6000000000000014,59.348,0.6384000000000001,0.38695999999999997,0.43939731451155656,0.004449719092249973,0.0005458937625408374,59.86
2,0,241.7,0.3854,59.86,0.643,93.15118,1.5561506849315068,0.006438356164383562,-0.0010000000000000009,-0.0008999999999999564,-0.10000000000000142,59.407999999999994,0.6392,0.38652,0.4928184249802078,0.0049193495504930495,0.000749666592546787,59.34
2,0,240.3,0.3857,59.34,0.64,92.68371,1.5619095045500506,0.006499831479609032,-0.0030000000000000027,0.00029999999999996696,-0.519999999999996,59.48199999999999,0.6406000000000001,0.3862,0.4349942528355731,0.0035071355833414973,0.0006708203932354246,58.18
2,0,240.4,0.3833,58.18,0.631,92.14532,1.5837971811619114,0.006588174630457202,-0.009000000000000008,-0.0024000000000000132,-1.1600000000000037,59.339999999999996,0.6397999999999999,0.38544,0.7072481884034519,0.0051672042730995,0.0012759310326111474,58.36
2,0,240.2,0.3831,58.36,0.634,92.02062,1.5767755311857437,0.0065644276901987665,0.0030000000000000027,-0.00019999999999997797,0.17999999999999972,59.14,0.6384000000000001,0.38476,0.8307827634225114,0.005683308895347288,0.0014621901381078176,59.01
2,0,240.9,0.3836,59.01,0.638,92.40924,1.5659928825622775,0.0065005931198102015,0.0040000000000000036,0.0005000000000000004,0.6499999999999986,58.95,0.6372,0.38422,0.6936858078409303,0.004764451699821305,0.00123166553900783,59.2
2,0,241.8,0.3822,59.2,0.64,92.41596,1.5610804054054053,0.006456081081081081,0.0020000000000000018,-0.0014000000000000123,0.19000000000000483,58.818000000000005,0.6365999999999999,0.38358,0.5177064805465631,0.003974921382861359,0.0012949903474462575,59.47
2,0,241.1,0.3821,59.47,0.646,92.12431,1.5490887842609717,0.006425088279804944,0.006000000000000005,-9.999999999998899e-05,0.269999999999996,58.84400000000001,0.6378,0.38286,0.5525667380506278,0.005761944116349286,0.0006730527468025422,58.32
2,0,238.6,0.3824,58.32,0.639,91.24064,1.564482853223594,0.006556927297668038,-0.007000000000000006,0.00030000000000002247,-1.1499999999999986,58.872,0.6394,0.38268,0.5126109635970675,0.004335896677728487,0.0006457553716217334,57.43
2,0,239.7,0.3806,57.43,0.629,91.22981999999999,1.5885394393174297,0.006627198328399791,-0.010000000000000009,-0.0018000000000000238,-0.8900000000000006,58.686,0.6384,0.38217999999999996,0.8208714881148514,0.006107372593835593,0.0010686440005811108,59.54
2,0,241.3,0.38,59.54,0.649,91.694,1.5400403090359422,0.006382264024185421,0.020000000000000018,-0.0005999999999999894,2.1099999999999994,58.79200000000001,0.6406,0.38146,0.9032552241752623,0.00770064932326753,0.0010853570840868674,56.96
2,0,238.3,0.3803,56.96,0.629,90.62549000000001,1.5910373946629215,0.006676615168539326,-0.020000000000000018,0.00030000000000002247,-2.5799999999999983,58.34400000000001,0.6384,0.38108000000000003,1.1672317679020943,0.009316651759078174,0.0010940749517182576,59.73
2,0,241.9,0.3805,59.73,0.649,92.04295,1.5409835928344218,0.006370333165913277,0.020000000000000018,0.00019999999999997797,2.769999999999996,58.396,0.639,0.38076,1.2338273785258023,0.009999999999996822,0.0009449867723820862,57.04
2,0,237.9,0.3796,57.04,0.632,90.30684,1.583219495091164,0.0066549789621318375,-0.017000000000000015,-0.0009000000000000119,-2.6899999999999977,58.14,0.6376000000000001,0.3802,1.3779150917236596,0.010478549517940545,0.0004062019202031907,58.91
2,0,241.9,0.3792,58.91,0.642,91.72848,1.5570952300118828,0.006436937701578679,0.010000000000000009,-0.00040000000000001146,1.8699999999999974,58.436,0.6402,0.37992,1.3458566045459142,0.009364827814751345,0.0005263078946554043,58.11
2,0,239.1,0.3784,58.11,0.642,90.47544,1.5569685080020652,0.006511787988298056,0.0,-0.0007999999999999674,-0.7999999999999972,58.15,0.6388,0.37960000000000005,1.1962232233157082,0.00816700679563423,0.0008514693182824621,57.86
2,0,241.2,0.3777,57.86,0.635,91.10123999999999,1.5745115796750777,0.006527825786380919,-0.007000000000000006,-0.0007000000000000339,-0.25,58.33,0.64,0.37908,1.028323878940797,0.006670832032058639,0.0010802777420534412,57.79
2,0,238.8,0.3784,57.79,0.639,90.36192000000001,1.5636255407509951,0.006547845648035993,0.0040000000000000036,0.0007000000000000339,-0.07000000000000028,57.94199999999999,0.6380000000000001,0.37866,0.6724358705481125,0.004415880433156331,0.0007469939758631394,58.41
2,0,241.7,0.3784,58.41,0.639,91.45927999999999,1.5658154425612052,0.006478342749529191,0.0,0.0,0.6199999999999974,58.215999999999994,0.6394,0.37842,0.45790828776058945,0.002880972058166743,0.0005310367218711834,58.4
2,0,239.7,0.3787,58.4,0.643,90.77439,1.554355993150685,0.00648458904109589,0.0040000000000000036,0.00029999999999996696,-0.00999999999999801,58.114,0.6396000000000001,0.37832,0.291084180263754,0.0031304951684898333,0.00037013511043353813,57.03
2,0,239.6,0.3782,57.03,0.629,90.61671999999999,1.5889307382079605,0.006631597404874627,-0.014000000000000012,-0.0005000000000000004,-1.3699999999999974,57.898,0.6369999999999999,0.37828,0.5658356651889267,0.005291502622122582,0.0003701351104335115,59.2
2,0,242.1,0.3789,59.2,0.645,91.73169,1.5495217905405405,0.006400337837837838,0.016000000000000014,0.0007000000000000339,2.1700000000000017,58.166,0.639,0.37851999999999997,0.8085975513194605,0.006164414002963804,0.0002774887384665389,56.95
2,0,238.0,0.3778,56.95,0.633,89.91640000000001,1.578865671641791,0.006633889376646181,-0.01200000000000001,-0.0010999999999999899,-2.25,57.998000000000005,0.6378,0.37839999999999996,0.9761506031344787,0.00672309452558363,0.00043011626332385846,58.82
2,0,242.3,0.3788,58.82,0.641,91.78324,1.5604087045222714,0.0064399863991839515,0.008000000000000007,0.0010000000000000009,1.8699999999999974,58.08,0.6382,0.37848000000000004,1.0348671412310937,0.006870225614922251,0.00046583258792802675,57.64
2,0,238.3,0.3777,57.64,0.641,90.00591,1.5615182165163082,0.006552741151977793,0.0,-0.0011000000000000454,-1.1799999999999997,57.92800000000001,0.6378,0.37828,1.0319253848994119,0.00657267069005686,0.000554075807065827,57.56
2,0,241.5,0.3768,57.56,0.632,90.9972,1.5809103544127867,0.006546212647671994,-0.009000000000000008,-0.0008999999999999564,-0.0799999999999983,58.034000000000006,0.6384,0.378,0.9397233635489814,0.005639148871942853,0.0008689073598350506,58.85
2,0,240.9,0.3775,58.85,0.647,90.93975,1.5452803738317757,0.006414613423959218,0.015000000000000013,0.0006999999999999784,1.2899999999999991,57.964,0.6388,0.37771999999999994,0.8387669521385558,0.006260990336994247,0.0007190271204727944,56.73
2,0,238.8,0.3774,56.73,0.63,90.12312000000001,1.5886324695928085,0.006652564780539398,-0.017000000000000015,-9.999999999998899e-05,-2.1200000000000045,57.92,0.6382,0.37764000000000003,0.9081574753311233,0.007049822692801118,0.0007300684899208883,57.89
2,0,241.0,0.378,57.89,0.635,91.098,1.573639661426844,0.0065296251511487305,0.0050000000000000044,0.0005999999999999894,1.1600000000000037,57.734,0.6369999999999999,0.37748,0.7610716129246817,0.006964194138587052,0.0004438468203956163,59.37
2,0,242.3,0.3774,59.37,0.649,91.44402000000001,1.5402395149065187,0.006356745831227893,0.014000000000000012,-0.0005999999999999894,1.4799999999999969,58.08,0.6386,0.37742000000000003,1.0471389592598583,0.008792041856129614,0.0004266145801250606,57.36
2,0,238.3,0.3777,57.36,0.637,90.00591,1.569140690376569,0.006584728033472803,-0.01200000000000001,0.00029999999999996696,-2.009999999999998,58.04,0.6396000000000001,0.37760000000000005,1.0754068997360093,0.008111719916265477,0.00025495097563129574,57.59
2,0,240.8,0.3781,57.59,0.632,91.04648,1.580942524743879,0.006565375933321757,-0.0050000000000000044,0.00040000000000001146,0.23000000000000398,57.788,0.6365999999999999,0.37771999999999994,0.9816924161873624,0.007436396977026507,0.000327108544638289,58.89
2,0,242.6,0.3776,58.89,0.643,91.60575999999999,1.5555401596196297,0.00641195449142469,0.01100000000000001,-0.0005000000000000004,1.2999999999999972,58.220000000000006,0.6392,0.37776,0.8684468895677125,0.0067970581871819044,0.00028809720577505283,57.89
2,0,239.1,0.3756,57.89,0.644,89.80596,1.5513207807911555,0.006488167213681119,0.0010000000000000009,-0.0020000000000000018,-1.0,58.220000000000006,0.641,0.37728,0.8684468895677125,0.006595452979132027,0.0009731392500434965,56.45
2,0,239.5,0.3754,56.45,0.628,89.9083,1.5927068201948626,0.006650132860938884,-0.016000000000000014,-0.00019999999999997797,-1.4399999999999977,57.636,0.6367999999999999,0.37688,0.8834477913265488,0.006906518659927747,0.0012755391017036854,57.76
2,0,241.2,0.3762,57.76,0.637,90.73943999999999,1.5709736842105262,0.006513157894736842,0.009000000000000008,0.0007999999999999674,1.3099999999999952,57.715999999999994,0.6367999999999999,0.37657999999999997,0.8702183634006857,0.006906518659927747,0.0012091319200049756,59.14
2,0,241.9,0.377,59.14,0.649,91.19630000000001,1.5420409198512006,0.00637470409198512,0.01200000000000001,0.0008000000000000229,1.3800000000000026,58.025999999999996,0.6402,0.37636000000000003,1.067768701545335,0.008043631020872301,0.0009316651758946551,58.41
2,0,241.7,0.3784,58.41,0.639,91.45927999999999,1.5658154425612052,0.006478342749529191,-0.010000000000000009,0.0014000000000000123,-0.730000000000004,57.92999999999999,0.6394,0.37651999999999997,0.9893684854490753,0.007893034904264464,0.0012214745187579309,58.4
2,0,239.7,0.3787,58.4,0.643,90.77439,1.554355993150685,0.00648458904109589,0.0040000000000000036,0.00029999999999996696,-0.00999999999999801,58.032000000000004,0.6392,0.37714,1.0102821388106453,0.0077588658965042495,0.0014099645385523714,57.03
2,0,239.6,0.3782,57.03,0.629,90.61671999999999,1.5889307382079605,0.006631597404874627,-0.014000000000000012,-0.0005000000000000004,-1.3699999999999974,58.148,0.6394,0.37770000000000004,0.7932023701425956,0.007402702209324457,0.001058300524414246,59.2
2,0,242.1,0.3789,59.2,0.645,91.73169,1.5495217905405405,0.006400337837837838,0.016000000000000014,0.0007000000000000339,2.1700000000000017,58.436,0.641,0.37824,0.8743740618293032,0.007615773105860085,0.0007436396976867949,56.95
2,0,238.0,0.3778,56.95,0.633,89.91640000000001,1.578865671641791,0.006633889376646181,-0.01200000000000001,-0.0010999999999999899,-2.25,57.998000000000005,0.6378,0.37839999999999996,0.9761506031344797,0.006723094525583666,0.00043011626332398125,58.82
2,0,242.3,0.3788,58.82,0.641,91.78324,1.5604087045222714,0.0064399863991839515,0.008000000000000007,0.0010000000000000009,1.8699999999999974,58.08,0.6382,0.37848000000000004,1.0348671412310961,0.006870225614922279,0.0004658325879281401,57.64
2,0,238.3,0.3777,57.64,0.641,90.00591,1.5615182165163082,0.006552741151977793,0.0,-0.0011000000000000454,-1.1799999999999997,57.92800000000001,0.6378,0.37828,1.0319253848994119,0.006572670690056906,0.0005540758070659223,57.56
2,0,241.5,0.3768,57.56,0.632,90.9972,1.5809103544127867,0.006546212647671994,-0.009000000000000008,-0.0008999999999999564,-0.0799999999999983,58.034000000000006,0.6384000000000001,0.378,0.9397233635489838,0.005639148871942906,0.0008689073598351113,58.85
2,0,240.9,0.3775,58.85,0.647,90.93975,1.5452803738317757,0.006414613423959218,0.015000000000000013,0.0006999999999999784,1.2899999999999991,57.964,0.6388,0.37771999999999994,0.838766952138557,0.006260990336994295,0.0007190271204728678,56.73
2,0,238.8,0.3774,56.73,0.63,90.12312000000001,1.5886324695928085,0.006652564780539398,-0.017000000000000015,-9.999999999998899e-05,-2.1200000000000045,57.92,0.6382000000000001,0.37764000000000003,0.908157475331125,0.00704982269280116,0.0007300684899209606,57.89
2,0,241.0,0.378,57.89,0.635,91.098,1.573639661426844,0.0065296251511487305,0.0050000000000000044,0.0005999999999999894,1.1600000000000037,57.734,0.637,0.37748,0.761071612924682,0.006964194138587096,0.00044384682039573536,59.37
2,0,242.3,0.3774,59.37,0.649,91.44402000000001,1.5402395149065187,0.006356745831227893,0.014000000000000012,-0.0005999999999999894,1.4799999999999969,58.08,0.6386000000000001,0.37742000000000003,1.047138959259861,0.008792041856129649,0.00042661458012518445,57.36
2,0,238.3,0.3777,57.36,0.637,90.00591,1.569140690376569,0.006584728033472803,-0.01200000000000001,0.00029999999999996696,-2.009999999999998,58.04,0.6396,0.37760000000000005,1.0754068997360107,0.008111719916265513,0.000254950975631503,57.59
2,0,240.8,0.3781,57.59,0.632,91.04648,1.580942524743879,0.006565375933321757,-0.0050000000000000044,0.00040000000000001146,0.23000000000000398,57.788,0.6366,0.37771999999999994,0.98169241618736,0.007436396977026547,0.00032710854463845055,58.89
2,0,242.6,0.3776,58.89,0.643,91.60575999999999,1.5555401596196297,0.00641195449142469,0.01100000000000001,-0.0005000000000000004,1.2999999999999972,58.220000000000006,0.6392,0.37776,0.8684468895677158,0.006797058187181949,0.0002880972057752362,57.89
2,0,239.1,0.3756,57.89,0.644,89.80596,1.5513207807911555,0.006488167213681119,0.0010000000000000009,-0.0020000000000000018,-1.0,58.220000000000006,0.641,0.37728,0.8684468895677158,0.006595452979132072,0.0009731392500435507,56.45
2,0,239.5,0.3754,56.45,0.628,89.9083,1.5927068201948626,0.006650132860938884,-0.016000000000000014,-0.00019999999999997797,-1.4399999999999977,57.636,0.6368,0.37688,0.8834477913265466,0.006906518659927791,0.0012755391017037268,57.76
2,0,241.2,0.3762,57.76,0.637,90.73943999999999,1.5709736842105262,0.006513157894736842,0.009000000000000008,0.0007999999999999674,1.3099999999999952,57.715999999999994,0.6368,0.37657999999999997,0.8702183634006841,0.006906518659927791,0.0012091319200050192,59.14
2,0,241.9,0.377,59.14,0.649,91.19630000000001,1.5420409198512006,0.00637470409198512,0.01200000000000001,0.0008000000000000229,1.3800000000000026,58.025999999999996,0.6402,0.37636000000000003,1.0677687015453337,0.008043631020872338,0.0009316651758947117,56.8
2,0,238.5,0.3769,56.8,0.632,89.89065000000001,1.5825818661971833,0.00663556338028169,-0.017000000000000015,-9.999999999998899e-05,-2.3400000000000034,57.608000000000004,0.638,0.37622,1.0539781781421058,0.008573214099737287,0.0007293833011351875,57.73
2,0,241.4,0.3774,57.73,0.634,91.10436,1.578111207344535,0.006537328945089209,0.0020000000000000018,0.0005000000000000004,0.9299999999999997,57.576,0.636,0.37658,1.04567203271377,0.007968688725250169,0.0007886697661093705,58.88
2,0,242.6,0.3772,58.88,0.643,91.50872,1.55415625,0.00640625,0.009000000000000008,-0.00020000000000003348,1.1500000000000057,58.062,0.639,0.37694,0.9520084033241575,0.006964194138587503,0.0004560701700123889,58.0
2,0,239.5,0.3763,58.0,0.643,90.12385,1.5538594827586207,0.006487931034482759,0.0,-0.0008999999999999564,-0.8800000000000026,58.11,0.6402,0.3769600000000001,0.938935567544343,0.0070498226928015426,0.0004159326868318013,56.48
2,0,239.4,0.3749,56.48,0.629,89.75106000000001,1.5890768413597736,0.006637747875354108,-0.014000000000000012,-0.0014000000000000123,-1.5200000000000031,57.577999999999996,0.6362,0.37654,0.9627149110716742,0.006457553716379724,0.001006479011194486,57.64
2,0,241.4,0.3757,57.64,0.636,90.69398,1.5734555863983344,0.006518043025676613,0.007000000000000006,0.0007999999999999674,1.1600000000000037,57.746,0.637,0.37629999999999997,0.8609181145729052,0.0060415229867916255,0.001041633332787976,58.98
2,0,242.6,0.3754,58.98,0.648,91.07204,1.5441173279077653,0.006364869447270262,0.01200000000000001,-0.00029999999999996696,1.3399999999999963,57.995999999999995,0.6397999999999999,0.3759,1.0216065778957195,0.007395944834836116,0.0008860022573192937,57.27
2,0,238.9,0.3762,57.27,0.637,89.87418,1.56930644316396,0.006568884232582503,-0.01100000000000001,0.0007999999999999674,-1.7099999999999937,57.674,0.6386000000000001,0.3757,0.9222147255383369,0.007231873892701379,0.000578791845117777,57.09
2,0,240.5,0.3768,57.09,0.63,90.6204,1.5873252758801892,0.006600105097214924,-0.007000000000000006,0.0006000000000000449,-0.17999999999999972,57.492,0.636,0.3758,0.9315417328277457,0.0075828754440468455,0.0007314369418992119,58.49
2,0,242.7,0.3766,58.49,0.64,91.40082,1.5626743032997092,0.006438707471362626,0.010000000000000009,-0.00020000000000003348,1.3999999999999986,57.894000000000005,0.6382,0.37614000000000003,0.8116218331216722,0.006572670690057034,0.0005899152481288723,58.26
2,0,240.3,0.3758,58.26,0.645,90.30474000000001,1.550029866117405,0.006450394782011672,0.0050000000000000044,-0.0007999999999999674,-0.23000000000000398,58.01800000000001,0.64,0.37616,0.810475169267883,0.007035623639730872,0.00057271284250918,56.59
2,0,238.9,0.3762,56.59,0.63,89.87418,1.5881636331507332,0.006647817635624668,-0.015000000000000013,0.00039999999999995595,-1.6699999999999946,57.54,0.6364000000000001,0.37632,0.8060397012552956,0.0065038450165982266,0.00038987177376026855,57.01
2,0,240.5,0.3763,57.01,0.63,90.50015,1.5874434309770218,0.006600596386598843,0.0,0.0001000000000000445,0.4199999999999946,57.488,0.635,0.37634,0.8356554313828869,0.007071067811860202,0.00038470768120090854,52.43
2,0,222.9,0.3705,52.43,0.635,82.58445,1.575137325958421,0.007066564943734503,0.0050000000000000044,-0.005800000000000027,-4.579999999999998,56.556,0.6359999999999999,0.37508,2.4431086754378257,0.006519202405197166,0.002576237566680284,53.0
2,0,223.2,0.3708,53.0,0.641,82.76256,1.5615577358490564,0.00699622641509434,0.006000000000000005,0.00030000000000002247,0.5700000000000003,55.458000000000006,0.6362,0.37392000000000003,2.5861109798304067,0.006685805860173414,0.0029928247526332906,52.76
2,0,223.2,0.3703,52.76,0.638,82.65096,1.5665458680818802,0.007018574677786203,-0.0030000000000000027,-0.0005000000000000004,-0.240000000000002,54.358000000000004,0.6348,0.37282000000000004,2.243316740899336,0.004868264577847503,0.003136399209280325,52.58
2,0,223.3,0.3703,52.58,0.636,82.68799000000001,1.5726129707112975,0.007042601749714721,-0.0020000000000000018,0.0,-0.17999999999999972,53.556,0.6359999999999999,0.37164,1.9425061132462613,0.004062019202309148,0.002613044201687779,53.03
2,0,224.0,0.3715,53.03,0.637,83.216,1.5692249669998113,0.00700546860267773,0.0010000000000000009,0.0011999999999999789,0.45000000000000284,52.760000000000005,0.6374000000000001,0.37068,0.2606722079527879,0.0023021728866295223,0.0005019960158945223,52.49
2,0,222.5,0.3703,52.49,0.637,82.39175,1.5696656506001143,0.007054677081348828,0.0,-0.0011999999999999789,-0.5399999999999991,52.772000000000006,0.6378,0.37063999999999997,0.24242524620794528,0.001923538406149783,0.0005272570530338763,52.55
2,0,223.4,0.3698,52.55,0.636,82.61332,1.5720898192197907,0.00703710751665081,-0.0010000000000000009,-0.0005000000000000004,0.05999999999999517,52.681999999999995,0.6368,0.37044,0.2190205469789756,0.0008366600264923555,0.0006308724118028394,52.88
2,0,223.2,0.3705,52.88,0.639,82.6956,1.5638350983358547,0.00700642965204236,0.0030000000000000027,0.0006999999999999784,0.3300000000000054,52.705999999999996,0.637,0.37048,0.23564804263768807,0.0012247448713633398,0.0006260990336791302,52.51
2,0,223.0,0.3711,52.51,0.635,82.75529999999999,1.5759912397638545,0.007067225290420872,-0.0040000000000000036,0.0005999999999999894,-0.37000000000000455,52.69200000000001,0.6368,0.37064,0.24681977230151533,0.001483239697395609,0.0006693280212078189,52.85
2,0,223.4,0.3702,52.85,0.639,82.70268,1.5648567644276252,0.007004730368968779,0.0040000000000000036,-0.0009000000000000119,0.3400000000000034,52.656000000000006,0.6372,0.37038,0.19230184606229564,0.0017888543819806727,0.00047644516995549844,52.28
2,0,222.8,0.3703,52.28,0.634,82.50284,1.578095638867636,0.007083014537107881,-0.0050000000000000044,0.0001000000000000445,-0.5700000000000003,52.614,0.6366,0.37038000000000004,0.25145576151474547,0.002302172886628965,0.00047644516995549844,52.99
2,0,223.9,0.371,52.99,0.638,83.0669,1.5675957727873184,0.007001321003963012,0.0040000000000000036,0.0006999999999999784,0.7100000000000009,52.702,0.637,0.37062,0.29642874354383025,0.0023452078798969728,0.0004086563348022175,52.94
2,0,222.5,0.3712,52.94,0.641,82.592,1.5601057801284473,0.007011711371363808,0.0030000000000000027,0.00019999999999997797,-0.05000000000000426,52.714,0.6374,0.37076000000000003,0.3064800156600346,0.002880972058165831,0.0004722287580971918,51.86
2,0,221.6,0.3707,51.86,0.631,82.14711999999999,1.5840169687620513,0.007148091014269186,-0.010000000000000009,-0.0005000000000000004,-1.0799999999999983,52.584,0.6366,0.37067999999999995,0.49470193045808647,0.004037325847628567,0.0004324349661787242,52.42
2,0,223.8,0.3698,52.42,0.633,82.76124000000002,1.5788103777184284,0.007054559328500572,0.0020000000000000018,-0.0008999999999999564,0.5600000000000023,52.498000000000005,0.6354,0.3706,0.47383541446260197,0.0040373258476280715,0.0005612486079929014,53.38
2,0,223.6,0.3694,53.38,0.646,82.59784,1.5473555638816037,0.0069201948295241665,0.013000000000000012,-0.00040000000000001146,0.9600000000000009,52.718,0.6378,0.37041999999999997,0.5887444267243416,0.006058052492338953,0.0007823042886076585,52.3
2,0,222.1,0.3697,52.3,0.637,82.11036999999999,1.5699879541108985,0.0070688336520076485,-0.009000000000000008,0.00029999999999996696,-1.0800000000000054,52.58,0.6376000000000001,0.37016,0.5899152481492218,0.006066300355235759,0.0007569676346937791,51.92
2,0,222.4,0.3699,51.92,0.631,82.26576,1.5844714946070877,0.00712442218798151,-0.006000000000000005,0.00020000000000003348,-0.37999999999999545,52.376,0.6355999999999999,0.3699,0.6103113959274686,0.006308724118229177,0.00048476798571467236,52.87
2,0,224.8,0.3686,52.87,0.638,82.86128,1.5672646113107622,0.006971817665973142,0.007000000000000006,-0.0013000000000000234,0.9499999999999957,52.577999999999996,0.637,0.36948000000000003,0.5620676115904182,0.005787918451389187,0.0005263078946527017,52.71
2,0,222.9,0.3698,52.71,0.639,82.42842,1.5638099032441661,0.0070157465376588886,0.0010000000000000009,0.0012000000000000344,-0.1599999999999966,52.636,0.6382,0.36948,0.5566237508397968,0.005357238094385548,0.0005263078946527017,51.99
2,0,222.2,0.3694,51.99,0.633,82.08068,1.578778226582035,0.007105212540873244,-0.006000000000000005,-0.00040000000000001146,-0.7199999999999989,52.358000000000004,0.6355999999999999,0.36948,0.42328477411658627,0.0034351128074528023,0.0005263078946527017,52.62
2,0,223.8,0.3698,52.62,0.636,82.76124000000002,1.572809578107184,0.007027746104142912,0.0030000000000000027,0.00040000000000001146,0.6299999999999955,52.422000000000004,0.6354,0.36950000000000005,0.43631410703636003,0.0033615472627832525,0.0005385164806890969,52.59
2,0,222.4,0.3705,52.59,0.638,82.39920000000001,1.5668225898459784,0.007045065601825442,0.0020000000000000018,0.0006999999999999784,-0.02999999999999403,52.556000000000004,0.6368,0.36962,0.3346341285627515,0.002387467277248089,0.0006942621982895231,51.92
2,0,221.7,0.3697,51.92,0.633,81.96248999999999,1.5786303929121723,0.007120570107858243,-0.0050000000000000044,-0.0008000000000000229,-0.6700000000000017,52.366,0.6357999999999999,0.36984,0.37858948743847964,0.0027748873850891513,0.00040373258473135103,53.12
2,0,223.5,0.3701,53.12,0.642,82.71735,1.5571790286144578,0.0069672439759036146,0.009000000000000008,0.00040000000000001146,1.1999999999999957,52.448,0.6364000000000001,0.3699,0.4974635665040591,0.0037815340802284164,0.00041833001323581047,52.34
2,0,222.3,0.3703,52.34,0.636,82.31769000000001,1.5727491402369127,0.00707489491784486,-0.006000000000000005,0.00020000000000003348,-0.779999999999994,52.517999999999994,0.637,0.37007999999999996,0.4379726018816089,0.0033166247903450023,0.0003346640105746675,52.17
2,0,223.2,0.3696,52.17,0.632,82.49471999999999,1.5812673950546288,0.007084531339850488,-0.0040000000000000036,-0.0007000000000000339,-0.1700000000000017,52.428,0.6362,0.37004000000000004,0.45756966682565103,0.004024922359490718,0.0003847076811995213,52.31
2,0,223.1,0.3678,52.31,0.637,82.05618,1.5686518830051615,0.007031160389982795,0.0050000000000000044,-0.0017999999999999683,0.14000000000000057,52.372,0.636,0.3695,0.4498555323644821,0.003937003936996719,0.0009924716620507259,52.3
2,0,222.1,0.3697,52.3,0.637,82.11036999999999,1.5699879541108985,0.0070688336520076485,0.0,0.0018999999999999573,-0.010000000000005116,52.448,0.6368,0.3695,0.3812741795597218,0.0035637059362313545,0.0009924716620507259,51.92
2,0,222.4,0.3699,51.92,0.631,82.26576,1.5844714946070877,0.00712442218798151,-0.006000000000000005,0.00020000000000003348,-0.37999999999999545,52.20799999999999,0.6346,0.36946,0.17369513521949786,0.0028809720581640715,0.0009659192512698579,52.87
2,0,224.8,0.3686,52.87,0.638,82.86128,1.5672646113107622,0.006971817665973142,0.007000000000000006,-0.0013000000000000234,0.9499999999999957,52.314,0.635,0.36912,0.34832456129151496,0.003240370349192156,0.0008927485648118549,52.71
2,0,222.9,0.3698,52.71,0.639,82.42842,1.5638099032441661,0.0070157465376588886,0.0010000000000000009,0.0012000000000000344,-0.1599999999999966,52.422000000000004,0.6364,0.36916,0.3751932835205526,0.0031304951684883986,0.0009235799911072345,51.99
2,0,222.2,0.3694,51.99,0.633,82.08068,1.578778226582035,0.007105212540873244,-0.006000000000000005,-0.00040000000000001146,-0.7199999999999989,52.358000000000004,0.6355999999999999,0.36948,0.42328477411658627,0.0034351128074527584,0.0005263078946526439,52.62
2,0,223.8,0.3698,52.62,0.636,82.76124000000002,1.572809578107184,0.007027746104142912,0.0030000000000000027,0.00040000000000001146,0.6299999999999955,52.422000000000004,0.6354,0.36950000000000005,0.436314107036356,0.00336154726278319,0.0005385164806890346,52.59
2,0,222.4,0.3705,52.59,0.638,82.39920000000001,1.5668225898459784,0.007045065601825442,0.0020000000000000018,0.0006999999999999784,-0.02999999999999403,52.556,0.6368,0.36962,0.3346341285627352,0.0023874672772481384,0.0006942621982894485,51.92
2,0,221.7,0.3697,51.92,0.633,81.96248999999999,1.5786303929121723,0.007120570107858243,-0.0050000000000000044,-0.0008000000000000229,-0.6700000000000017,52.366,0.6357999999999999,0.36984000000000006,0.37858948743847903,0.0027748873850891296,0.0004037325847311395,53.12
2,0,223.5,0.3701,53.12,0.642,82.71735,1.5571790286144578,0.0069672439759036146,0.009000000000000008,0.00040000000000001146,1.1999999999999957,52.448,0.6364000000000001,0.3699,0.4974635665040541,0.00378153408022842,0.0004183300132355844,52.34
2,0,222.3,0.3703,52.34,0.636,82.31769000000001,1.5727491402369127,0.00707489491784486,-0.006000000000000005,0.00020000000000003348,-0.779999999999994,52.51800000000001,0.637,0.37008,0.43797260188159887,0.003316624790345034,0.00033466401057431777,52.17
2,0,223.2,0.3696,52.17,0.632,82.49471999999999,1.5812673950546288,0.007084531339850488,-0.0040000000000000036,-0.0007000000000000339,-0.1700000000000017,52.428,0.6362,0.37004,0.4575696668256468,0.004024922359490694,0.0003847076811992429,52.31
2,0,223.1,0.3678,52.31,0.637,82.05618,1.5686518830051615,0.007031160389982795,0.0050000000000000044,-0.0017999999999999683,0.14000000000000057,52.372,0.636,0.3695,0.44985553236448067,0.003937003936996678,0.000992471662050735,51.57
2,0,222.5,0.3664,51.57,0.633,81.524,1.580841574558852,0.007104905953073492,-0.0040000000000000036,-0.0014000000000000123,-0.740000000000002,52.302,0.636,0.36883999999999995,0.5531455504647277,0.003937003936996678,0.0016831518053859046,52.76
2,0,224.0,0.3683,52.76,0.64,82.4992,1.563669446550417,0.006980667172100077,0.007000000000000006,0.0019000000000000128,1.1899999999999977,52.230000000000004,0.6356,0.36848000000000003,0.42970920399605445,0.003209361307164669,0.0015319921670732862,52.01
2,0,222.3,0.369,52.01,0.634,82.0287,1.5771716977504326,0.007094789463564699,-0.006000000000000005,0.0006999999999999784,-0.75,52.164,0.6352,0.36822,0.4339124335611043,0.0032710854467476454,0.0012255610959776475,52.25
2,0,222.8,0.3705,52.25,0.633,82.54740000000001,1.5798545454545456,0.00709090909090909,-0.0010000000000000009,0.0015000000000000013,0.240000000000002,52.17999999999999,0.6354,0.3684,0.43566041821460055,0.0030495901363830793,0.00151162164577446,52.82
2,0,222.5,0.3715,52.82,0.639,82.65875,1.5649138583869746,0.007033320711851572,0.006000000000000005,0.0010000000000000009,0.5700000000000003,52.282,0.6358,0.36913999999999997,0.5243758194262267,0.0034205262752866725,0.0019781304304756176,52.65
2,0,222.9,0.3714,52.65,0.636,82.78506,1.572365811965812,0.007054131054131055,-0.0030000000000000027,-9.999999999998899e-05,-0.1700000000000017,52.498000000000005,0.6364,0.37013999999999997,0.3518096075989699,0.0030495901363837108,0.0014363147287322904,52.44
2,0,222.4,0.3711,52.44,0.635,82.53264,1.5738489702517162,0.0070766590389016015,-0.0010000000000000009,-0.00030000000000002247,-0.21000000000000085,52.434000000000005,0.6354,0.3707,0.3198906062999296,0.0023021728866279264,0.0010271319291956346,52.59
2,0,222.8,0.3721,52.59,0.634,82.90388,1.5764190910819547,0.007075489636813081,-0.0010000000000000009,0.0010000000000000009,0.15000000000000568,52.55,0.6354,0.37132,0.21598611066210915,0.0023021728866279264,0.0005848076606654062,52.64
2,0,222.1,0.3718,52.64,0.637,82.57678,1.5687078267477204,0.00706306990881459,0.0030000000000000027,-0.00029999999999996696,0.04999999999999716,52.628,0.6362,0.37157999999999997,0.1362717872450173,0.0019235384061484057,0.00038340579021826026,52.19
2,0,222.0,0.371,52.19,0.634,82.362,1.5781184134891741,0.007108641502203488,-0.0030000000000000027,-0.0008000000000000229,-0.45000000000000284,52.501999999999995,0.6352,0.37148000000000003,0.1935716921425772,0.0013038404810113973,0.0004658325879250081,52.9
2,0,222.5,0.3712,52.9,0.64,82.592,1.5612854442344046,0.007017013232514177,0.006000000000000005,0.00019999999999997797,0.7100000000000009,52.552,0.636,0.37144000000000005,0.26166772823362094,0.002549509756782113,0.0004827007354178405,52.42
2,0,222.4,0.3709,52.42,0.636,82.48816000000001,1.5736009156810378,0.007075543685616177,-0.0040000000000000036,-0.00029999999999996696,-0.4799999999999969,52.548,0.6362,0.37139999999999995,0.2639507529804445,0.00248997991958328,0.0005244044240592582,52.52
2,0,222.8,0.3697,52.52,0.638,82.36916,1.5683389185072352,0.007039223153084538,0.0020000000000000018,-0.0012000000000000344,0.10000000000000142,52.53399999999999,0.637,0.37092,0.26302091171414976,0.0022360679774843834,0.0007661592523575183,52.32
2,0,222.6,0.37,52.32,0.635,82.362,1.5741972477064219,0.007071865443425076,-0.0030000000000000027,0.00030000000000002247,-0.20000000000000284,52.470000000000006,0.6365999999999999,0.37056,0.26962937525228564,0.0024083189157438206,0.0006655824516715314,52.45
2,0,222.2,0.3706,52.45,0.637,82.34732,1.5700156339370828,0.007065776930409913,0.0020000000000000018,0.0005999999999999894,0.13000000000000256,52.522000000000006,0.6372,0.37048,0.22320394261513665,0.0019235384061494388,0.0006220932405782089,52.25
2,0,222.8,0.3705,52.25,0.633,82.54740000000001,1.5798545454545456,0.00709090909090909,-0.0040000000000000036,-9.999999999998899e-05,-0.20000000000000284,52.391999999999996,0.6358,0.37034,0.1070980858789385,0.0019235384061480245,0.00048270073541804533,52.82
2,0,222.5,0.3715,52.82,0.639,82.65875,1.5649138583869746,0.007033320711851572,0.006000000000000005,0.0010000000000000009,0.5700000000000003,52.472,0.6364,0.37045999999999996,0.22151749366345239,0.002408318915743692,0.0006877499545424164,52.65
2,0,222.9,0.3714,52.65,0.636,82.78506,1.572365811965812,0.007054131054131055,-0.0030000000000000027,-9.999999999998899e-05,-0.1700000000000017,52.498000000000005,0.636,0.37079999999999996,0.2357328996956925,0.0022360679774835273,0.0006363961030467004,52.44
2,0,222.4,0.3711,52.44,0.635,82.53264,1.5738489702517162,0.0070766590389016015,-0.0010000000000000009,-0.00030000000000002247,-0.21000000000000085,52.522000000000006,0.6359999999999999,0.37102,0.21856349191697463,0.0022360679774835273,0.00045497252661339877,52.59
2,0,222.8,0.3721,52.59,0.634,82.90388,1.5764190910819547,0.007075489636813081,-0.0010000000000000009,0.0010000000000000009,0.15000000000000568,52.55,0.6354000000000001,0.37132,0.21598611066210652,0.002302172886627958,0.0005848076606653762,52.64
2,0,222.1,0.3718,52.64,0.637,82.57678,1.5687078267477204,0.00706306990881459,0.0030000000000000027,-0.00029999999999996696,0.04999999999999716,52.628,0.6362,0.37157999999999997,0.13627178724501307,0.0019235384061484435,0.0003834057902182144,52.19
2,0,222.0,0.371,52.19,0.634,82.362,1.5781184134891741,0.007108641502203488,-0.0030000000000000027,-0.0008000000000000229,-0.45000000000000284,52.501999999999995,0.6352,0.37148,0.19357169214257425,0.0013038404810114528,0.0004658325879249704,52.9
2,0,222.5,0.3712,52.9,0.64,82.592,1.5612854442344046,0.007017013232514177,0.006000000000000005,0.00019999999999997797,0.7100000000000009,52.552,0.6359999999999999,0.37144,0.2616677282336187,0.002549509756782141,0.00048270073541780415,52.42
2,0,222.4,0.3709,52.42,0.636,82.48816000000001,1.5736009156810378,0.007075543685616177,-0.0040000000000000036,-0.00029999999999996696,-0.4799999999999969,52.548,0.6362,0.3714,0.26395075298044235,0.002489979919583309,0.0005244044240592247,52.52
2,0,222.8,0.3697,52.52,0.638,82.36916,1.5683389185072352,0.007039223153084538,0.0020000000000000018,-0.0012000000000000344,0.10000000000000142,52.534000000000006,0.6369999999999999,0.37092,0.2630209117141476,0.002236067977484416,0.0007661592523574953,52.32
2,0,222.6,0.37,52.32,0.635,82.362,1.5741972477064219,0.007071865443425076,-0.0030000000000000027,0.00030000000000002247,-0.20000000000000284,52.470000000000006,0.6366,0.37056,0.26962937525228353,0.002408318915743851,0.000665582451671505,52.45
2,0,222.2,0.3706,52.45,0.637,82.34732,1.5700156339370828,0.007065776930409913,0.0020000000000000018,0.0005999999999999894,0.13000000000000256,52.522000000000006,0.6372,0.37048000000000003,0.2232039426151341,0.0019235384061494765,0.0006220932405781806,52.15
2,0,222.3,0.37,52.15,0.634,82.251,1.5772003835091084,0.007094918504314478,-0.0030000000000000027,-0.0005999999999999894,-0.30000000000000426,52.372,0.636,0.37024,0.14342245291072803,0.0015811388300612265,0.0004929503017273678,52.91
2,0,222.6,0.3711,52.91,0.64,82.60686,1.5612712152712154,0.007013797013797014,0.006000000000000005,0.0010999999999999899,0.759999999999998,52.46999999999999,0.6368,0.37028,0.283460755659291,0.002387467277248095,0.0005630275303864725,52.58
2,0,222.7,0.3711,52.58,0.636,82.64397,1.5717757702548498,0.007057816660327121,-0.0040000000000000036,0.0,-0.3299999999999983,52.482000000000006,0.6364000000000001,0.37056,0.28734996084728637,0.0023021728866288215,0.0005504543577564275,52.51
2,0,222.7,0.3703,52.51,0.637,82.46581,1.5704781946295945,0.007051990097124358,0.0010000000000000009,-0.0007999999999999674,-0.07000000000000028,52.52,0.6368,0.37062,0.2727636339377736,0.0021679483388518423,0.0004868264577578211,52.48
2,0,222.9,0.3701,52.48,0.636,82.49529,1.5719376905487805,0.007052210365853659,-0.0010000000000000009,-0.00020000000000003348,-0.030000000000001137,52.525999999999996,0.6365999999999999,0.37051999999999996,0.2711641569214861,0.0021908902300046234,0.0005403702434193146,52.68
2,0,222.4,0.3717,52.68,0.637,82.66608,1.5692118451025057,0.007055808656036446,0.0010000000000000009,0.0015999999999999903,0.20000000000000284,52.63199999999999,0.6372,0.37086,0.17340703560970822,0.001643167672494802,0.0006542170893311893,52.43
2,0,222.4,0.3708,52.43,0.636,82.46592000000001,1.5728765973679193,0.007072286858668702,-0.0010000000000000009,-0.0008999999999999564,-0.25,52.536,0.6364,0.3708,0.09710818708503287,0.0005477225574402127,0.0006403124237221927,52.87
2,0,223.0,0.3715,52.87,0.638,82.8445,1.5669472290523927,0.007026669188575752,0.0020000000000000018,0.0006999999999999784,0.4399999999999977,52.59400000000001,0.6368,0.37088,0.18063775906200832,0.0008366600264924812,0.0007085195833376499,52.69
2,0,223.1,0.3706,52.69,0.637,82.68086,1.5691945340671853,0.007033592712089581,-0.0010000000000000009,-0.0009000000000000119,-0.17999999999999972,52.629999999999995,0.6368,0.37094,0.17762319668034868,0.0008366600264924812,0.0006580273550339219,52.28
2,0,222.9,0.3698,52.28,0.634,82.42842,1.5766721499617444,0.0070734506503443,-0.0030000000000000027,-0.0007999999999999674,-0.4099999999999966,52.589999999999996,0.6364,0.37088,0.2335594142802716,0.001516575088786874,0.0007596051605755033,52.87
2,0,223.6,0.3708,52.87,0.638,82.91088,1.5682027614904483,0.007013429165878571,0.0040000000000000036,0.0010000000000000009,0.5899999999999963,52.628,0.6365999999999999,0.3707,0.2651791847014853,0.0016733200530471178,0.0006082762530076244,52.21
2,0,222.3,0.37,52.21,0.635,82.251,1.5753878567324269,0.007086764987550277,-0.0030000000000000027,-0.0008000000000000229,-0.6599999999999966,52.584,0.6364000000000001,0.37054,0.319029779172638,0.0018165902124389311,0.0006767569726076391,51.98
2,0,222.8,0.3696,51.98,0.631,82.34688,1.5842031550596385,0.007110427087341285,-0.0040000000000000036,-0.00040000000000001146,-0.23000000000000398,52.40599999999999,0.635,0.37016,0.3645956664566025,0.0027386127875119993,0.0005176871641959118,53.36
2,0,223.9,0.3689,53.36,0.646,82.59671,1.547914355322339,0.006913418290854573,0.015000000000000013,-0.0006999999999999784,1.3800000000000026,52.54,0.6368,0.36982,0.5637818727122589,0.005718391382192254,0.0006870225614733056,52.58
2,0,222.7,0.3692,52.58,0.64,82.22084,1.5637284138455687,0.00702168124762267,-0.006000000000000005,0.00029999999999996696,-0.7800000000000011,52.6,0.638,0.36970000000000003,0.544839425885228,0.005612486080155119,0.0007416198486916275,52.51
2,0,222.7,0.3703,52.51,0.637,82.46581,1.5704781946295945,0.007051990097124358,-0.0030000000000000027,0.0011000000000000454,-0.07000000000000028,52.528,0.6378,0.36960000000000004,0.5236124521045522,0.005630275304097862,0.0005700877125262569,52.48
2,0,222.9,0.3701,52.48,0.636,82.49529,1.5719376905487805,0.007052210365853659,-0.0010000000000000009,-0.00020000000000003348,-0.030000000000001137,52.58200000000001,0.6380000000000001,0.36961999999999995,0.4958023799851555,0.005522680508587748,0.0005890670589783606,52.68
2,0,222.4,0.3717,52.68,0.637,82.66608,1.5692118451025057,0.007055808656036446,0.0010000000000000009,0.0015999999999999903,0.20000000000000284,52.722,0.6392,0.37004000000000004,0.3648561360302819,0.00408656334833304,0.0010990905331105722,52.43
2,0,222.4,0.3708,52.43,0.636,82.46592000000001,1.5728765973679193,0.007072286858668702,-0.0010000000000000009,-0.0008999999999999564,-0.25,52.536,0.6372,0.37042,0.09710818708503492,0.0016431676724948346,0.0009203260291729225,52.87
2,0,223.0,0.3715,52.87,0.638,82.8445,1.5669472290523927,0.007026669188575752,0.0020000000000000018,0.0006999999999999784,0.4399999999999977,52.593999999999994,0.6368,0.37088,0.18063775906200685,0.0008366600264926897,0.0007085195833377519,52.69
2,0,223.1,0.3706,52.69,0.637,82.68086,1.5691945340671853,0.007033592712089581,-0.0010000000000000009,-0.0009000000000000119,-0.17999999999999972,52.629999999999995,0.6368,0.37093999999999994,0.17762319668034596,0.0008366600264926897,0.0006580273550340477,52.28
2,0,222.9,0.3698,52.28,0.634,82.42842,1.5766721499617444,0.0070734506503443,-0.0030000000000000027,-0.0007999999999999674,-0.4099999999999966,52.589999999999996,0.6364,0.37088,0.23355941428026952,0.0015165750887870218,0.0007596051605756196,52.87
2,0,223.6,0.3708,52.87,0.638,82.91088,1.5682027614904483,0.007013429165878571,0.0040000000000000036,0.0010000000000000009,0.5899999999999963,52.628,0.6365999999999999,0.3707,0.2651791847014835,0.0016733200530472515,0.0006082762530077696,52.21
2,0,222.3,0.37,52.21,0.635,82.251,1.5753878567324269,0.007086764987550277,-0.0030000000000000027,-0.0008000000000000229,-0.6599999999999966,52.58399999999999,0.6364,0.37054,0.3190297791726365,0.0018165902124390543,0.0006767569726077698,51.98
2,0,222.8,0.3696,51.98,0.631,82.34688,1.5842031550596385,0.007110427087341285,-0.0040000000000000036,-0.00040000000000001146,-0.23000000000000398,52.40599999999999,0.635,0.37016,0.3645956664566012,0.002738612787512081,0.0005176871641960825,53.36
2,0,223.9,0.3689,53.36,0.646,82.59671,1.547914355322339,0.006913418290854573,0.015000000000000013,-0.0006999999999999784,1.3800000000000026,52.54,0.6368,0.36982,0.563781872712258,0.005718391382192293,0.0006870225614734343,52.58
2,0,222.7,0.3692,52.58,0.64,82.22084,1.5637284138455687,0.00702168124762267,-0.006000000000000005,0.00029999999999996696,-0.7800000000000011,52.6,0.638,0.36970000000000003,0.5448394258852273,0.005612486080155159,0.0007416198486917467,52.0
2,0,222.1,0.3696,52.0,0.633,82.08815999999999,1.5786184615384613,0.007107692307692307,-0.007000000000000006,0.00040000000000001146,-0.5799999999999983,52.426,0.637,0.36946,0.5751347668146451,0.006041522986791646,0.0004219004621633401,52.29
2,0,223.4,0.3702,52.29,0.632,82.70268,1.581615605278256,0.007079747561675272,-0.0010000000000000009,0.0005999999999999894,0.28999999999999915,52.44199999999999,0.6364,0.36950000000000005,0.5687002725504333,0.006426507605218376,0.0004898979485297149,53.21
2,0,224.6,0.3688,53.21,0.642,82.83248,1.5567088893065213,0.006931028002255216,0.010000000000000009,-0.0013999999999999568,0.9200000000000017,52.688,0.6386000000000001,0.36933999999999995,0.5846965024685444,0.00598331012065544,0.0005727128425080572,52.79
2,0,223.4,0.3696,52.79,0.639,82.56864,1.5640962303466566,0.0070013260087137714,-0.0030000000000000027,0.0007999999999999674,-0.4200000000000017,52.574,0.6372,0.36948,0.4640366364835253,0.004438468204226827,0.0005215361923909163,51.96
2,0,222.8,0.3685,51.96,0.633,82.1018,1.5800962278675903,0.007091993841416474,-0.006000000000000005,-0.0010999999999999899,-0.8299999999999983,52.45,0.6358,0.36933999999999995,0.538841349563056,0.004438468204226254,0.0006841052550402258,52.38
2,0,224.0,0.369,52.38,0.634,82.656,1.5780068728522336,0.0070446735395189,0.0010000000000000009,0.0005000000000000004,0.4200000000000017,52.525999999999996,0.636,0.36922,0.48345630619419977,0.004301162633512964,0.0006797058186993012,52.89
2,0,223.5,0.3692,52.89,0.641,82.5162,1.5601474758933636,0.00698052561920968,0.007000000000000006,0.00019999999999997797,0.509999999999998,52.646,0.6378,0.36902,0.484695780875951,0.004086563348332453,0.00041472882703491533,51.94
2,0,222.3,0.369,51.94,0.633,82.0287,1.5792972660762419,0.0071043511744320375,-0.008000000000000007,-0.00019999999999997797,-0.9500000000000028,52.39200000000001,0.636,0.36906,0.4465086785258842,0.003741657386764351,0.0003974921382540116,52.82
2,0,224.1,0.3694,52.82,0.638,82.78254,1.5672574782279438,0.0069935630443014015,0.0050000000000000044,0.00040000000000001146,0.8800000000000026,52.398,0.6357999999999999,0.36902,0.45334313714771507,0.003563705936230926,0.000334664010574431,53.01
2,0,223.7,0.3697,53.01,0.641,82.70188999999999,1.5601186568571968,0.006974155819656668,0.0030000000000000027,0.00029999999999996696,0.18999999999999773,52.608000000000004,0.6374,0.36926,0.4427979223064925,0.0037815340802289077,0.0002966479394394764,52.67
2,0,223.9,0.3693,52.67,0.637,82.68627000000001,1.5698931080311374,0.007011581545471806,-0.0040000000000000036,-0.00039999999999995595,-0.3399999999999963,52.66600000000001,0.638,0.36932,0.42406367446287035,0.00331662479034554,0.00025884358206003903,52.49
2,0,223.6,0.3682,52.49,0.638,82.32952,1.5684800914459898,0.007014669460849686,0.0010000000000000009,-0.0010999999999999899,-0.17999999999999972,52.586,0.6374000000000001,0.36912,0.40869303884326724,0.0028809720581659207,0.0005718391381968448,52.8
2,0,223.7,0.3695,52.8,0.639,82.65715,1.565476325757576,0.0069981060606060606,0.0010000000000000009,0.0012999999999999678,0.30999999999999517,52.758,0.6386000000000001,0.36922,0.19279522815401734,0.0015165750887893104,0.0005890670589785863,52.37
2,0,222.9,0.3687,52.37,0.637,82.18323000000001,1.5692806950544207,0.007040290242505252,-0.0020000000000000018,-0.0007999999999999674,-0.4299999999999997,52.668000000000006,0.6384000000000001,0.36907999999999996,0.2524282076134731,0.001673320053048949,0.0006180614855932344,52.68
2,0,223.4,0.3681,52.68,0.64,82.23354,1.561001138952164,0.0069874715261959,0.0030000000000000027,-0.0006000000000000449,0.3100000000000023,52.602,0.6382000000000001,0.36876000000000003,0.17049926685749708,0.0013038404810156615,0.0006308724118027675,52.8
2,0,223.6,0.3689,52.8,0.64,82.48604,1.5622356060606062,0.006986742424242425,0.0,0.0008000000000000229,0.11999999999999744,52.628,0.6388,0.36868,0.19201562436152542,0.0013038404810163,0.0005674504383414154,52.14
2,0,222.4,0.3675,52.14,0.638,81.732,1.567548906789413,0.007048331415420023,-0.0020000000000000018,-0.0014000000000000123,-0.6599999999999966,52.55799999999999,0.6388,0.36854,0.29243802762113347,0.0013038404810163,0.0007668115804902456,51.43
2,0,219.8,0.3682,51.43,0.635,80.93036000000001,1.5736021777172857,0.007159245576511764,-0.0030000000000000027,0.0007000000000000339,-0.7100000000000009,52.284000000000006,0.638,0.36828000000000005,0.5432586860777373,0.002121320343544223,0.000549545266537778,51.67
2,0,219.7,0.3678,51.67,0.64,80.80566,1.5638796206696342,0.007118250435455777,0.0050000000000000044,-0.00040000000000001146,0.240000000000002,52.144000000000005,0.6386000000000001,0.3681,0.6025197092202825,0.002190890230006106,0.0005244044240604397,52.03
2,0,220.4,0.3689,52.03,0.64,81.30556,1.5626669229290793,0.007090140303670959,0.0,0.0010999999999999899,0.35999999999999943,52.013999999999996,0.6386000000000001,0.36826,0.5228097168175817,0.002190890230006106,0.0006348228099037418,51.31
2,0,219.7,0.3694,51.31,0.632,81.15718,1.581702981874878,0.007199376339894757,-0.008000000000000007,0.0005000000000000004,-0.7199999999999989,51.71600000000001,0.6369999999999999,0.36836,0.36301515119737426,0.0034641016151279176,0.0007829431652259547,50.73
2,0,217.8,0.3696,50.73,0.63,80.49888,1.5868101714961562,0.007285629804849202,-0.0020000000000000018,0.00019999999999997797,-0.5800000000000054,51.434000000000005,0.6354,0.36878,0.48008332609957255,0.004560701700388582,0.0007694153624498581,51.43
2,0,219.3,0.3683,51.43,0.637,80.76819,1.5704489597511182,0.007161189966945363,0.007000000000000006,-0.0012999999999999678,0.7000000000000028,51.43399999999999,0.6358,0.36879999999999996,0.48008332609957255,0.004604345773280761,0.0007516648189012426,51.94
2,0,217.4,0.369,51.94,0.647,80.2206,1.544485945321525,0.0071043511744320375,0.010000000000000009,0.0006999999999999784,0.509999999999998,51.488,0.6372,0.36904000000000003,0.5262318880482574,0.006760177512457234,0.000502991053572299,51.78
2,0,216.5,0.3695,51.78,0.647,79.99675,1.544935303205871,0.0071359598300502125,0.0,0.0005000000000000004,-0.1599999999999966,51.438,0.6386000000000001,0.36916000000000004,0.47081843634125886,0.008080841540330825,0.0005319774431061298,51.07
2,0,215.1,0.3699,51.07,0.642,79.56549,1.5579692578813393,0.007242999804190327,-0.0050000000000000044,0.00040000000000001146,-0.7100000000000009,51.39,0.6406,0.36926,0.498547891379377,0.007231873892701782,0.0006268971207253368,50.99
2,0,215.2,0.3703,50.99,0.64,79.68856,1.56282722102373,0.007262208276132575,-0.0020000000000000018,0.00040000000000001146,-0.0799999999999983,51.44200000000001,0.6426000000000001,0.3694,0.4198452095699398,0.004393176527291722,0.0007810249675738197,51.31
2,0,218.3,0.3695,51.31,0.636,80.66185,1.5720493081270708,0.00720132527772364,-0.0040000000000000036,-0.0008000000000000229,0.3200000000000003,51.418000000000006,0.6424,0.36963999999999997,0.4241108345690125,0.0047222875812413705,0.0004878524366789901,52.36
2,0,217.8,0.3691,52.36,0.651,80.38998,1.5353319327731092,0.007049274255156608,0.015000000000000013,-0.00040000000000001146,1.0499999999999972,51.501999999999995,0.6432,0.36966,0.569885953501956,0.005890670590004883,0.00045607017001074267,53.18
2,0,221.2,0.3697,53.18,0.65,81.77763999999999,1.5377517863858592,0.006951861602106054,-0.0010000000000000009,0.0005999999999999894,0.8200000000000003,51.782000000000004,0.6437999999999999,0.36970000000000003,0.9546570064682192,0.006496152707560832,0.00044721359547045497,53.32
2,0,221.4,0.3689,53.32,0.653,81.67446,1.5317790697674418,0.00691860465116279,0.0030000000000000027,-0.0007999999999999674,0.14000000000000057,52.232000000000006,0.646,0.36950000000000005,1.0596556044295262,0.007516648189183489,0.0005477225574811273,53.13
2,0,221.4,0.3683,53.13,0.652,81.54162000000001,1.5347566346696782,0.006932053453792584,-0.0010000000000000009,-0.0005999999999999894,-0.18999999999999773,52.660000000000004,0.6484,0.3691,0.8425259639909896,0.007021395872614043,0.0005477225574812058,52.84
2,0,221.1,0.369,52.84,0.648,81.5859,1.5440177895533684,0.00698334595003785,-0.0040000000000000036,0.0006999999999999784,-0.28999999999999915,52.965999999999994,0.6508,0.369,0.3811561359849494,0.001923538406158738,0.0004999999999737763,52.66
2,0,221.1,0.3686,52.66,0.646,81.49745999999999,1.5476160273452335,0.006999620205089252,-0.0020000000000000018,-0.00040000000000001146,-0.18000000000000682,53.025999999999996,0.6498,0.3689,0.26903531366529404,0.00286356421264921,0.0005244044240601053,52.81
2,0,221.1,0.3679,52.81,0.649,81.34269,1.5402895284983904,0.006966483620526415,0.0030000000000000027,-0.0006999999999999784,0.15000000000000568,52.952,0.6496000000000001,0.36854000000000003,0.26696441710268665,0.0028809720581714797,0.0004505552130138083,53.29
2,0,222.5,0.3688,53.29,0.65,82.058,1.5398386188778383,0.006920623006192532,0.0010000000000000009,0.0009000000000000119,0.4799999999999969,52.946000000000005,0.649,0.36852,0.2567683781133818,0.002236067977491603,0.000432434966178645,53.25
2,0,223.3,0.3684,53.25,0.647,82.26372,1.5448585915492958,0.00691830985915493,-0.0030000000000000027,-0.00040000000000001146,-0.03999999999999915,52.970000000000006,0.648,0.36854,0.2825774230170876,0.0015811388300718207,0.00042190046216367745,52.66
2,0,223.1,0.3689,52.66,0.64,82.30159,1.5628862514242312,0.007005317128750475,-0.007000000000000006,0.0005000000000000004,-0.5900000000000034,52.93399999999999,0.6464000000000001,0.36852,0.3130974289242504,0.003911521443116104,0.00039623225509028684,52.07
2,0,222.1,0.3684,52.07,0.636,81.82164,1.571377760706741,0.007075091223353178,-0.0040000000000000036,-0.0005000000000000004,-0.5899999999999963,52.815999999999995,0.6444,0.36848000000000003,0.49847768254854286,0.0061073725938370965,0.0003962322550902977,51.7
2,0,221.8,0.3689,51.7,0.632,81.82202000000001,1.5826309477756286,0.007135396518375242,-0.0040000000000000036,0.0005000000000000004,-0.36999999999999744,52.593999999999994,0.641,0.36868,0.7058540925707989,0.0074833147735441944,0.0002588435820604925,51.72
2,0,221.9,0.3676,51.72,0.634,81.57044,1.57715467904099,0.007107501933488012,0.0020000000000000018,-0.0013000000000000234,0.01999999999999602,52.279999999999994,0.6378,0.36844,0.6669707639761434,0.005932958789671286,0.000531977443106331,52.67
2,0,222.8,0.3701,52.67,0.639,82.45828,1.5655644579456995,0.007026770457565976,0.0050000000000000044,0.0025000000000000022,0.9500000000000028,52.164,0.6362,0.36878,0.4804477078714301,0.0033466401061264784,0.000909395403536821,53.29
2,0,222.3,0.3693,53.29,0.649,82.09539000000001,1.5405402514543067,0.0069300056295740296,0.010000000000000009,-0.0007999999999999674,0.6199999999999974,52.29,0.6380000000000001,0.36886,0.6829714488900126,0.00667083203205851,0.0009396807968527858,52.38
2,0,220.1,0.3696,52.38,0.644,81.34895999999999,1.553053837342497,0.007056128293241695,-0.0050000000000000044,0.00029999999999996696,-0.9099999999999966,52.352,0.6396000000000001,0.3691,0.6719895832518006,0.007021395872612574,0.0009460443964073946,51.74
2,0,219.2,0.3709,51.74,0.636,81.30127999999999,1.5713428681870891,0.007168534982605335,-0.008000000000000007,0.0013000000000000234,-0.6400000000000006,52.36,0.6404,0.3695,0.6624575458087324,0.006107372593836271,0.0012227019260530238,52.31
